E,N,Season,ID,Resource,,,Row Labels,Count of Resource
12557894.98,3279347.004,wintering,1,GPS,,,CBRC,50
12557695.72,3350309.065,wintering,2,GPS,,,GBIF,116
12558493.88,3403180.855,wintering,3,GPS,,,GPS,890
12558728.77,3437811.981,wintering,4,GPS,,,(blank),
12558243.41,3440069.35,wintering,5,CBRC,,,Grand Total,1056
12561013.04,3406790.882,wintering,6,GPS,,,,
12562088.39,3407731.184,wintering,7,GPS,,,,
12567066.6,3352167.695,wintering,8,GPS,,,,
12565783.08,3411440.741,wintering,9,GPS,,,,
12567641,3351580.731,wintering,10,GPS,,,,
12574332.42,3421726.342,wintering,11,GPS,,,,
12576671.24,3370312.912,wintering,12,GPS,,,,
12577224.5,3377546.427,wintering,13,GPS,,,,
12579532.15,3370974.504,wintering,14,GPS,,,,
12578317.66,3432036.699,wintering,15,CBRC,,,,
12581514.75,3381977.073,wintering,16,GPS,,,,
12581690.64,3382594.682,wintering,17,GPS,,,,
12581865.41,3387570.99,wintering,18,GPS,,,,
12581928.86,3426665.706,wintering,19,GBIF,,,,
12583216.83,2527662.496,wintering,20,GBIF,,,,
12584712.96,3382909.227,wintering,21,GPS,,,,
12585383.11,3385889.507,wintering,22,GPS,,,,
12594393.3,2514314.502,wintering,23,GPS,,,,
12594230.78,2515217.54,wintering,24,GPS,,,,
12594630.42,2574671.988,wintering,25,CBRC,,,,
12596901.33,2517953.365,wintering,26,GPS,,,,
12607582.44,3541411.24,wintering,27,CBRC,,,,
12612596.27,3571610.526,wintering,28,GPS,,,,
12614289.44,3572962.384,wintering,29,GPS,,,,
12615330.27,3570576.698,wintering,30,GPS,,,,
12620086.96,3482558.408,wintering,31,CBRC,,,,
12623327.47,3580565.748,wintering,32,GPS,,,,
12632109.46,2571165.425,wintering,33,CBRC,,,,
12630843.76,2588446.317,wintering,34,GPS,,,,
12630111.28,2641921.347,wintering,35,GBIF,,,,
12636546.66,2587550.186,wintering,36,GPS,,,,
12639915.18,2566467.908,wintering,37,GBIF,,,,
12639093.65,2572907.769,wintering,38,GPS,,,,
12639210.53,3489229.446,wintering,39,GPS,,,,
12638442.43,3539343.461,wintering,40,GPS,,,,
12638142.98,3542367.895,wintering,41,GPS,,,,
12639045.78,3543839.12,wintering,42,GPS,,,,
12641700.19,2570519.985,wintering,43,GBIF,,,,
12642148.25,3459364.494,wintering,44,GPS,,,,
12640413.9,3463729.55,wintering,45,CBRC,,,,
12641983.5,3471717.833,wintering,46,GPS,,,,
12641070.68,3489293.645,wintering,47,GPS,,,,
12640182.35,3536282.375,wintering,48,GPS,,,,
12640408.33,3541658.777,wintering,49,GPS,,,,
12642807.26,3469947.216,wintering,50,GPS,,,,
12642649.19,3470620.304,wintering,51,GPS,,,,
12644923.45,3538134.405,wintering,52,GPS,,,,
12645775.04,2562053.015,wintering,53,GPS,,,,
12646248.15,2586862.742,wintering,54,GPS,,,,
12646898.26,2589704.359,wintering,55,GPS,,,,
12645024.75,3469730.553,wintering,56,GPS,,,,
12646845.94,3470283.115,wintering,57,GPS,,,,
12645777.27,3537524.765,wintering,58,GPS,,,,
12645116.03,3540702.175,wintering,59,GPS,,,,
12649583.28,2583089.548,wintering,60,GBIF,,,,
12650165.48,3535125.156,wintering,61,GPS,,,,
12653207.84,2585414.381,wintering,62,GPS,,,,
12652790.4,3548327.351,wintering,63,GPS,,,,
12654835.34,3589994.586,wintering,64,GPS,,,,
12653707.67,3590488.993,wintering,65,GPS,,,,
12656507.35,3589945.405,wintering,66,GPS,,,,
12655593.42,3590829.396,wintering,67,GPS,,,,
12664339.79,2598600.229,wintering,68,GPS,,,,
12665793.63,3521092.294,wintering,69,GPS,,,,
12668181.43,3525620.111,wintering,70,CBRC,,,,
12671831.6,3546405.471,wintering,71,GPS,,,,
12672825.68,3541755.473,wintering,72,GPS,,,,
12673530.33,3543164.605,wintering,73,GBIF,,,,
12675559.69,3542654.133,wintering,74,CBRC,,,,
12676454.69,3552143.601,wintering,75,GPS,,,,
12681777.99,3550076.645,wintering,76,GPS,,,,
12681643.3,3554743.906,wintering,77,GPS,,,,
12682332.36,3555084.631,wintering,78,GPS,,,,
12681761.29,3605821.466,wintering,79,GPS,,,,
12684484.17,3549617.367,wintering,80,GPS,,,,
12684717.94,3601860.596,wintering,81,GPS,,,,
12687281.63,3609240.461,wintering,82,GPS,,,,
12687915.59,2574020.145,wintering,83,GBIF,,,,
12689587.94,2575020.756,wintering,84,GBIF,,,,
12690730.31,2570448.539,wintering,85,GPS,,,,
12690850.53,2575044.378,wintering,86,CBRC,,,,
12691989.33,3495264.23,wintering,87,GPS,,,,
12692268.74,3500927.883,wintering,88,GPS,,,,
12693941.87,2566256.272,wintering,89,GBIF,,,,
12692706.23,2568463.104,wintering,90,CBRC,,,,
12692895.47,2570884.691,wintering,91,GPS,,,,
12693974.16,2573402.19,wintering,92,GBIF,,,,
12694307,3496424.252,wintering,93,GPS,,,,
12692901.04,3501908.485,wintering,94,GPS,,,,
12695220.49,2565791.694,wintering,95,GBIF,,,,
12695184.87,2568145.553,wintering,96,GBIF,,,,
12695310.55,2570797.942,wintering,97,GBIF,,,,
12695659.53,2573510.282,wintering,98,CBRC,,,,
12697488.51,3502436.73,wintering,99,GPS,,,,
12697377.19,3574419.091,wintering,100,CBRC,,,,
12698483.71,2572000.908,wintering,101,GBIF,,,,
12697738.98,2573232.039,wintering,102,GBIF,,,,
12698835.48,3493894.949,wintering,103,GPS,,,,
12700399.52,2574743.814,wintering,104,GBIF,,,,
12700515.85,2575337.234,wintering,105,GBIF,,,,
12700763.53,3573220.883,wintering,106,CBRC,,,,
12702871.92,2572226.836,wintering,107,GBIF,,,,
12703038.34,2572727.14,wintering,108,GBIF,,,,
12707484.45,3601974.728,wintering,109,GBIF,,,,
12707968.13,3600641.622,wintering,110,GBIF,,,,
12713339.29,3540883.95,wintering,111,GPS,,,,
12714692.94,3542521.328,wintering,112,GPS,,,,
12715032.46,3541474.413,wintering,113,GPS,,,,
12715198.33,3543659.882,wintering,114,GPS,,,,
12725621.17,3578463.082,wintering,115,CBRC,,,,
12728158.14,3537323.706,wintering,116,CBRC,,,,
12729590.83,3758876.637,wintering,117,GBIF,,,,
12732246.91,3526270.385,wintering,118,CBRC,,,,
12742612.98,3517442.378,wintering,119,CBRC,,,,
12747209.36,3608302.672,wintering,120,GBIF,,,,
12752218.74,3573755.991,wintering,121,GPS,,,,
12754541.98,3557042.687,wintering,122,GPS,,,,
12754511.92,3558976.517,wintering,123,GPS,,,,
12754058.85,3560204.356,wintering,124,GPS,,,,
12753032.48,3572654.779,wintering,125,GPS,,,,
12755110.82,3558558.227,wintering,126,GPS,,,,
12763982.98,3535634.165,wintering,127,CBRC,,,,
12765668.36,3587780.344,wintering,128,CBRC,,,,
12769975.31,3553990.214,wintering,129,GPS,,,,
12770033.2,3553836.642,wintering,130,GPS,,,,
12771985.74,3589514.433,wintering,131,GBIF,,,,
12771580.54,3592374.912,wintering,132,GPS,,,,
12771841.03,3593301.796,wintering,133,GPS,,,,
12809951.25,3483635.141,wintering,134,GPS,,,,
12810623.62,3483972.681,wintering,135,GPS,,,,
12810345.32,3485414.065,wintering,136,GPS,,,,
12826982.02,2620306.837,wintering,137,CBRC,,,,
12829116.02,2610678.316,wintering,138,GBIF,,,,
12830249.25,2611809.902,wintering,139,CBRC,,,,
12844480.33,3488731.277,wintering,140,CBRC,,,,
12860676.21,2614873.27,wintering,141,GBIF,,,,
12881194.61,3473568.588,wintering,142,GBIF,,,,
12884393.94,3393643.955,wintering,143,CBRC,,,,
12883498.93,3475031.505,wintering,144,CBRC,,,,
12891717.65,3464513.802,wintering,145,CBRC,,,,
12895357.79,3499573.415,wintering,146,GPS,,,,
12901512.65,3386127.322,wintering,147,GBIF,,,,
12907479.37,3389726.66,wintering,148,GPS,,,,
12906109.03,3390507.731,wintering,149,GPS,,,,
12906340.57,3393044.943,wintering,150,GPS,,,,
12906842.63,3395351.926,wintering,151,GPS,,,,
12907549.5,3388595.271,wintering,152,GPS,,,,
12908624.85,3391274.833,wintering,153,GBIF,,,,
12908316.5,3393831.311,wintering,154,GPS,,,,
12908316.5,3395202.789,wintering,155,GPS,,,,
12912142.55,3336519.135,wintering,156,CBRC,,,,
12910364.77,3389929.25,wintering,157,CBRC,,,,
12911701.72,3394177.991,wintering,158,CBRC,,,,
12910630.27,3397995.387,wintering,159,GBIF,,,,
12910915.81,3497087.169,wintering,160,GPS,,,,
12912613.43,3337638.453,wintering,161,CBRC,,,,
12914700.67,3399436.028,wintering,162,GBIF,,,,
12912925.12,3490624.296,wintering,163,GBIF,,,,
12913240.16,3497317.143,wintering,164,GPS,,,,
12912701.37,3497797.659,wintering,165,GPS,,,,
12915119.23,3399379.287,wintering,166,GBIF,,,,
12917035.04,3401786.861,wintering,167,CBRC,,,,
12915535.56,3495716.408,wintering,168,GPS,,,,
12915084.72,3498616.121,wintering,169,GPS,,,,
12919976.77,3340812.651,wintering,170,GBIF,,,,
12918344.16,3373590.917,wintering,171,GBIF,,,,
12918604.64,3400101.002,wintering,172,CBRC,,,,
12920694.11,3385593.996,wintering,173,GPS,,,,
12924889.74,3382680.003,wintering,174,GPS,,,,
12922952.78,3386717.483,wintering,175,GPS,,,,
12927426.71,2623881.867,wintering,176,GPS,,,,
12925530.94,3301999.743,wintering,177,GPS,,,,
12926768.81,3303404.783,wintering,178,GPS,,,,
12926798.87,3380606.978,wintering,179,GPS,,,,
12926913.53,3388443.662,wintering,180,GPS,,,,
12926063.05,3417462.245,wintering,181,GPS,,,,
12926461.57,3418086.639,wintering,182,GPS,,,,
12926687.55,3453550.133,wintering,183,GPS,,,,
12927952.14,2620431.31,wintering,184,GPS,,,,
12929567.39,3301113.757,wintering,185,GPS,,,,
12927995.55,3303373.137,wintering,186,GPS,,,,
12927625.97,3380586.606,wintering,187,GPS,,,,
12927719.48,3394866.279,wintering,188,GPS,,,,
12929774.44,3395288.192,wintering,189,GPS,,,,
12927987.76,3414887.096,wintering,190,GPS,,,,
12927976.63,3415041.565,wintering,191,GPS,,,,
12928843.81,3420988.102,wintering,192,GPS,,,,
12927514.65,3464754.726,wintering,193,GPS,,,,
12931966.32,3382123.514,wintering,194,GPS,,,,
12930757.39,3393924.353,wintering,195,GPS,,,,
12930181.87,3395656.58,wintering,196,GPS,,,,
12930781.88,3459347.841,wintering,197,GPS,,,,
12933877.68,3377350.392,wintering,198,GPS,,,,
12933433.51,3379924.531,wintering,199,GPS,,,,
12932879.14,3381844.642,wintering,200,GPS,,,,
12934453.2,3447195.751,wintering,201,GPS,,,,
12934050.22,3448598.464,wintering,202,GPS,,,,
12933931.11,3454621.878,wintering,203,GPS,,,,
12933992.34,3455098.239,wintering,204,GPS,,,,
12933748.55,3457672.424,wintering,205,GPS,,,,
12933631.66,3460613.515,wintering,206,GPS,,,,
12932854.65,3464556.092,wintering,207,GPS,,,,
12933092.87,3465312.2,wintering,208,GPS,,,,
12935264.72,3378202.017,wintering,209,GPS,,,,
12935376.04,3456058.695,wintering,210,GPS,,,,
12936396.84,3461578.227,wintering,211,GPS,,,,
12935806.84,3462850.526,wintering,212,GPS,,,,
12940787.28,3377729.734,wintering,213,GPS,,,,
12944808.14,3357745.153,wintering,214,GPS,,,,
12943751.72,3361788.979,wintering,215,GPS,,,,
12944015.54,3365352.03,wintering,216,GPS,,,,
12943975.13,3391605.261,wintering,217,GBIF,,,,
12946646.02,3337812.324,wintering,218,GPS,,,,
12949312.12,3336956.952,wintering,219,GPS,,,,
12947939.55,3339346.8,wintering,220,GPS,,,,
12948373.14,3343621.805,wintering,221,GBIF,,,,
12948370.36,3346298.336,wintering,222,GBIF,,,,
12947536.58,3350155.355,wintering,223,GPS,,,,
12949807.5,3352857.601,wintering,224,GPS,,,,
12949196.35,3360782.038,wintering,225,GPS,,,,
12948438.27,3362677.744,wintering,226,GPS,,,,
12948957.02,3404770.165,wintering,227,GPS,,,,
12949351.09,3405350.579,wintering,228,GPS,,,,
12949006,3525793.943,wintering,229,GPS,,,,
12951642.04,3334935.499,wintering,230,GPS,,,,
12951429.42,3335223.534,wintering,231,GPS,,,,
12951660.97,3338307.297,wintering,232,GPS,,,,
12950931.82,3340020.808,wintering,233,GPS,,,,
12950163.72,3354463.711,wintering,234,GPS,,,,
12950164.83,3360925.7,wintering,235,GPS,,,,
12950142.57,3364171.869,wintering,236,GPS,,,,
12951919.23,3366262.657,wintering,237,CBRC,,,,
12953284,3330930.301,wintering,238,GPS,,,,
12954271.41,3333307.647,wintering,239,GPS,,,,
12954061.01,3336995.024,wintering,240,GPS,,,,
12952845.4,3337583.881,wintering,241,GPS,,,,
12952912.2,3346997.716,wintering,242,GPS,,,,
12952798.65,3369080.149,wintering,243,GBIF,,,,
12953944.13,3400776.85,wintering,244,GPS,,,,
12955327.83,3327517.256,wintering,245,GPS,,,,
12956795.02,3331390.768,wintering,246,GPS,,,,
12957130.09,3333656.547,wintering,247,GPS,,,,
12955986.84,3340999.512,wintering,248,GPS,,,,
12956632.49,3343112.033,wintering,249,GPS,,,,
12955262.15,3346809.755,wintering,250,GPS,,,,
12957687.8,3327890.099,wintering,251,GPS,,,,
12957884.84,3339628.585,wintering,252,GPS,,,,
12961556.15,3323363.425,wintering,253,GPS,,,,
12960706.79,3398131.042,wintering,254,GPS,,,,
12962578.07,3377802.294,wintering,255,GPS,,,,
12963965.11,3402905.361,wintering,256,GPS,,,,
12963135.78,3411544.118,wintering,257,GPS,,,,
12964463.82,3414176.051,wintering,258,GPS,,,,
12966752.55,3385647.494,wintering,259,GPS,,,,
12967448.3,3405686.082,wintering,260,GPS,,,,
12965261.98,3416366.755,wintering,261,GPS,,,,
12965781.84,3479383.92,wintering,262,GPS,,,,
12965615.98,3480097.278,wintering,263,GPS,,,,
12969012.33,3377261.287,wintering,264,GPS,,,,
12968944.43,3377568.067,wintering,265,GPS,,,,
12967586.33,3387885.655,wintering,266,GPS,,,,
12967588.56,3479077.292,wintering,267,GPS,,,,
12968873.19,3480711.874,wintering,268,GPS,,,,
12969406.41,3484353.868,wintering,269,GPS,,,,
12972306.28,2682540.795,wintering,270,GPS,,,,
12971641.7,3378717.602,wintering,271,GPS,,,,
12971963.41,3392648.591,wintering,272,GPS,,,,
12970865.8,3397298.52,wintering,273,GPS,,,,
12970134.43,3402256.185,wintering,274,GPS,,,,
12971885.49,3404640.053,wintering,275,GPS,,,,
12971647.27,3405968.014,wintering,276,GPS,,,,
12970853.56,3484079.207,wintering,277,GPS,,,,
12974434.71,2676458.192,wintering,278,GPS,,,,
12974933.42,2680079.58,wintering,279,GPS,,,,
12972576.78,3378939.118,wintering,280,GPS,,,,
12974745.29,3391783.285,wintering,281,GPS,,,,
12974139.71,3395832.493,wintering,282,GPS,,,,
12972678.09,3401470.586,wintering,283,GPS,,,,
12975744.94,3351349.51,wintering,284,GPS,,,,
12976253.67,3392504.582,wintering,285,GPS,,,,
12975124.89,3403012.497,wintering,286,GPS,,,,
12976878.17,3409641.34,wintering,287,GPS,,,,
12977739.78,3363183.82,wintering,288,GPS,,,,
12977965.76,3375856.045,wintering,289,GPS,,,,
12977954.63,3392981.22,wintering,290,GPS,,,,
12979210.31,3395759.833,wintering,291,GPS,,,,
12980904.6,2656955.992,wintering,292,GPS,,,,
12980341.32,3376512.824,wintering,293,GPS,,,,
12981551.36,3397566.247,wintering,294,GPS,,,,
12982677.92,3397441.307,wintering,295,GPS,,,,
12985692.45,3367263.656,wintering,296,GPS,,,,
12986225.67,3367726.66,wintering,297,GPS,,,,
12985328.43,3376509.005,wintering,298,GPS,,,,
12985675.75,3378231.297,wintering,299,GPS,,,,
12987673.93,3366284.279,wintering,300,GPS,,,,
12988752.62,3369365.112,wintering,301,GPS,,,,
12989471.74,3392967.201,wintering,302,CBRC,,,,
12989930.38,3399524.647,wintering,303,GPS,,,,
12988214.95,3496749.283,wintering,304,GPS,,,,
12991064.73,3362432.342,wintering,305,GPS,,,,
12990883.27,3362516.261,wintering,306,GPS,,,,
12990002.74,3399613.904,wintering,307,GPS,,,,
12992378.3,3407745.219,wintering,308,GPS,,,,
12994343.08,3364188.401,wintering,309,GPS,,,,
12994928.63,3407632.94,wintering,310,GPS,,,,
12994928.63,3411099.984,wintering,311,GPS,,,,
12995609.9,3380906.197,wintering,312,GPS,,,,
12995477.43,3388558.324,wintering,313,GPS,,,,
12995112.3,3407950.64,wintering,314,GPS,,,,
12999676.4,3357663.806,wintering,315,GPS,,,,
13002387.03,3357325.713,wintering,316,GPS,,,,
13004986.34,3343029.506,wintering,317,GPS,,,,
13006322.18,3359840.008,wintering,318,GPS,,,,
13005930.33,3360282.41,wintering,319,GPS,,,,
13007433.14,3569364.643,wintering,320,GPS,,,,
13009249.88,3361327.455,wintering,321,GPS,,,,
13013259.61,3355237.611,wintering,322,GPS,,,,
13012659.59,3569701.887,wintering,323,GPS,,,,
13016527.95,2709676.84,wintering,324,GPS,,,,
13016955.41,2710336.693,wintering,325,GPS,,,,
13021133.23,3574475.967,wintering,326,GPS,,,,
13021729.91,3575682.052,wintering,327,GPS,,,,
13026453.19,3550943.642,wintering,328,GPS,,,,
13027709.99,3551707.474,wintering,329,GPS,,,,
13028529.3,3552532,wintering,330,GPS,,,,
13031654.04,3552667.491,wintering,331,GPS,,,,
13031689.66,3555865.493,wintering,332,GPS,,,,
13033806.96,3551279.103,wintering,333,GPS,,,,
13032896.36,3552932.024,wintering,334,GPS,,,,
13035074.89,3551802.956,wintering,335,GPS,,,,
13036738,3555123.35,wintering,336,GPS,,,,
13039207.07,3555999.729,wintering,337,GPS,,,,
13040941.42,3557171.771,wintering,338,GPS,,,,
13045816.1,3555509.259,wintering,339,GPS,,,,
13047074.01,3559356.088,wintering,340,GPS,,,,
13048235.08,3556676.093,wintering,341,GPS,,,,
13047698.52,3558837.085,wintering,342,GPS,,,,
13057550.29,3568936.962,wintering,343,GPS,,,,
13065786.82,3715498.722,wintering,344,GBIF,,,,
13075902.42,3714375.65,wintering,345,CBRC,,,,
13084205.74,3708965.963,wintering,346,GBIF,,,,
13089940.92,2738567.17,wintering,347,GPS,,,,
13087913.8,2740650.268,wintering,348,GPS,,,,
13090972.86,2736621.895,wintering,349,GPS,,,,
13090994.01,2740602.784,wintering,350,GPS,,,,
13096307.29,3718873.791,wintering,351,CBRC,,,,
13105973.16,2755266.498,wintering,352,GPS,,,,
13105898.57,2757745.506,wintering,353,GPS,,,,
13108825.16,2752878.052,wintering,354,GPS,,,,
13108706.05,2755448.084,wintering,355,GPS,,,,
13110028.53,2751687.62,wintering,356,GPS,,,,
13111772.9,2755775.918,wintering,357,GPS,,,,
13110540.6,2812622.273,wintering,358,GPS,,,,
13119042.07,2811747.712,wintering,359,GPS,,,,
13122479.61,2806827.854,wintering,360,GPS,,,,
13166449.7,2821639.883,wintering,361,CBRC,,,,
13169538.81,2805453.192,wintering,362,GBIF,,,,
13169503.19,2810541.755,wintering,363,GBIF,,,,
13170372.26,2810474.855,wintering,364,GBIF,,,,
13186607.43,2834708.303,wintering,365,CBRC,,,,
13210722.79,2848956.831,wintering,366,GBIF,,,,
13210853.93,2870035.209,wintering,367,GBIF,,,,
13245149.46,3788865.652,wintering,368,GBIF,,,,
13249710.89,3789791.109,wintering,369,GBIF,,,,
13252023.22,3795931.984,wintering,370,GBIF,,,,
13265237.95,2930953.82,wintering,371,GPS,,,,
13269093.61,4140848.592,wintering,372,GBIF,,,,
13268067.69,4145117.497,wintering,373,GPS,,,,
13268728.93,4151370.798,wintering,374,GPS,,,,
13277390.7,2940386.613,wintering,375,GPS,,,,
13279995.58,2943795.44,wintering,376,GPS,,,,
13280754.78,2945078.734,wintering,377,GPS,,,,
13291943.5,2941165.035,wintering,378,CBRC,,,,
13294322.4,2939139.498,wintering,379,GPS,,,,
13296617.8,4206075.746,wintering,380,GBIF,,,,
13297766.62,2940776.436,wintering,381,CBRC,,,,
13305957.51,2995281.59,wintering,382,CBRC,,,,
13307363.47,3080624.858,wintering,383,CBRC,,,,
13312540.94,2985889.006,wintering,384,CBRC,,,,
13317044.93,3001945.975,wintering,385,CBRC,,,,
13316033.04,3003331.005,wintering,386,CBRC,,,,
13316274.6,3053436.006,wintering,387,CBRC,,,,
13318614.53,3002732.626,wintering,388,CBRC,,,,
13331463.03,3534685.234,wintering,389,GBIF,,,,
13363754.03,2641903.68,wintering,390,GBIF,,,,
13367207.27,2637406.854,wintering,391,GBIF,,,,
13365170.57,3101861.787,wintering,392,GBIF,,,,
13368749.49,2650201.88,wintering,393,GBIF,,,,
13369874.93,2665354.73,wintering,394,GBIF,,,,
13371865.33,2693026.965,wintering,395,GBIF,,,,
13374774.55,2703320.684,wintering,396,GBIF,,,,
13375963,2632953.114,wintering,397,GBIF,,,,
13375674.68,2675229.336,wintering,398,GBIF,,,,
13375548.22,2684930.439,wintering,399,GBIF,,,,
13378184.93,2626068.363,wintering,400,GBIF,,,,
13378369.72,2715265.678,wintering,401,GBIF,,,,
13381812.84,2612764.607,wintering,402,GBIF,,,,
13381635.84,2675712.064,wintering,403,GBIF,,,,
13380986.85,2686137.104,wintering,404,GBIF,,,,
13380650.66,2696500.813,wintering,405,GBIF,,,,
13384841.28,2642256.781,wintering,406,GBIF,,,,
13382877.72,2656939.277,wintering,407,GBIF,,,,
13383076.31,2665941.866,wintering,408,GBIF,,,,
13383881.6,2727262.974,wintering,409,GBIF,,,,
13385980.64,4040797.802,wintering,410,GPS,,,,
13393683.95,4045869.143,wintering,411,GPS,,,,
13395966,2750819.162,wintering,412,GBIF,,,,
13396963.42,3692395.286,wintering,413,GBIF,,,,
13401493.57,2758759.769,wintering,414,GBIF,,,,
13405315.83,2571475.443,wintering,415,GBIF,,,,
13406061.12,2590579.859,wintering,416,GBIF,,,,
13406104.42,3984819.334,wintering,417,GBIF,,,,
13408457.16,2602011.442,wintering,418,GBIF,,,,
13407799.26,3993686.557,wintering,419,GPS,,,,
13410496.97,2568244.576,wintering,420,GBIF,,,,
13410948.49,4002849.203,wintering,421,GPS,,,,
13412813.09,2563419.861,wintering,422,GBIF,,,,
13419177.22,2789995.534,wintering,423,GBIF,,,,
13420654.43,3978977.603,wintering,424,GPS,,,,
13427618.58,3957818.032,wintering,425,GBIF,,,,
13431956.7,3941256.282,wintering,426,GPS,,,,
13435795,3212876.586,wintering,427,GPS,,,,
13436159.01,3934745.811,wintering,428,GPS,,,,
13438824,3942102.498,wintering,429,GPS,,,,
13456003.94,3238134.218,wintering,430,CBRC,,,,
13457894.7,3879800.089,wintering,431,GBIF,,,,
13460708.3,2854258.576,wintering,432,GBIF,,,,
13461186.97,3876311.947,wintering,433,GBIF,,,,
13462471.6,3879439.802,wintering,434,GBIF,,,,
13466282.07,3864264.226,wintering,435,CBRC,,,,
13476593.59,3269161.146,wintering,436,GPS,,,,
13475168.7,3838044.455,wintering,437,CBRC,,,,
13479634.84,2596929.521,wintering,438,GBIF,,,,
13516145.74,2893887.828,wintering,439,GBIF,,,,
13525518.51,3392312.147,wintering,440,GPS,,,,
13525441.7,3395897.504,wintering,441,GPS,,,,
13529314.5,3398179.491,wintering,442,GPS,,,,
13531352.76,3406872.534,wintering,443,GPS,,,,
13531596.55,3408389.563,wintering,444,GPS,,,,
13532647.41,3406679.888,wintering,445,GPS,,,,
13560768.94,2834032.997,wintering,446,GBIF,,,,
13560372.64,2856855.368,wintering,447,GBIF,,,,
13563028.72,3710398.013,wintering,448,GBIF,,,,
13574527.47,3619549.013,wintering,449,GBIF,,,,
13577996.74,3617324.197,wintering,450,GBIF,,,,
13041383.36,4693566.448,Breeding,451,GPS,,,,
13058748.09,4677593.985,Breeding,452,GBIF,,,,
13065911.5,4689963.092,Breeding,453,GPS,,,,
13065947.12,4690001.647,Breeding,454,GPS,,,,
13067357.54,4694362.129,Breeding,455,GPS,,,,
13069947.94,4667316.694,Breeding,456,GPS,,,,
13069421.4,4667588.831,Breeding,457,GPS,,,,
13069394.69,4692498.019,Breeding,458,GPS,,,,
13069907.87,4693235.052,Breeding,459,GPS,,,,
13070324.2,4667310.995,Breeding,460,GPS,,,,
13070301.94,4667519.015,Breeding,461,GPS,,,,
13071488.6,4670051.22,Breeding,462,GPS,,,,
13072004.01,4679988.031,Breeding,463,GPS,,,,
13070374.3,4691886.723,Breeding,464,GPS,,,,
13070332,4693119.351,Breeding,465,GPS,,,,
13072941.32,4665446.124,Breeding,466,GPS,,,,
13073832.99,4669613.704,Breeding,467,GPS,,,,
13073773.99,4670752.425,Breeding,468,GPS,,,,
13074886.08,4676937.09,Breeding,469,GPS,,,,
13074949.53,4682134.079,Breeding,470,GBIF,,,,
13074931.72,4689727.483,Breeding,471,GPS,,,,
13074388.48,4690295.81,Breeding,472,GPS,,,,
13077380.75,4662252.841,Breeding,473,GPS,,,,
13077311.73,4667454.899,Breeding,474,GPS,,,,
13076867.56,4668155.926,Breeding,475,GPS,,,,
13076092.78,4670227.942,Breeding,476,GPS,,,,
13077139.18,4677436.246,Breeding,477,GPS,,,,
13079798.6,4656592.272,Breeding,478,GPS,,,,
13079971.15,4661395.582,Breeding,479,GPS,,,,
13079053.88,4664897.697,Breeding,480,GPS,,,,
13077512.1,4666062.961,Breeding,481,GPS,,,,
13079539.23,4672374.504,Breeding,482,GPS,,,,
13078728.82,4673827.181,Breeding,483,GPS,,,,
13079524.76,4677249.416,Breeding,484,GPS,,,,
13078230.11,4681557.361,Breeding,485,GPS,,,,
13078534.02,4682541.882,Breeding,486,GPS,,,,
13078038.64,4686716.45,Breeding,487,GPS,,,,
13080517.73,4659096.147,Breeding,488,GPS,,,,
13081301.42,4661761.546,Breeding,489,GPS,,,,
13080414.2,4663171.413,Breeding,490,GPS,,,,
13080421.99,4665316.493,Breeding,491,GPS,,,,
13080081.36,4674410.306,Breeding,492,GPS,,,,
13080005.66,4676736.008,Breeding,493,GPS,,,,
13084181.25,4659232.817,Breeding,494,GPS,,,,
13082652.84,4663108.748,Breeding,495,GPS,,,,
13083788.3,4669719.589,Breeding,496,GBIF,,,,
13082877.7,4678284.869,Breeding,497,GPS,,,,
13084488.5,4729443.968,Breeding,498,GPS,,,,
13084269.2,4764863.586,Breeding,499,GPS,,,,
13086326.38,4661125.033,Breeding,500,GPS,,,,
13086466.64,4704211.155,Breeding,501,GPS,,,,
13086740.49,4709348.841,Breeding,502,GPS,,,,
13087418.42,4710662.286,Breeding,503,GPS,,,,
13087572.04,4704610.12,Breeding,504,GPS,,,,
13088321.23,4705702.704,Breeding,505,GPS,,,,
13088543.86,4707633.606,Breeding,506,GPS,,,,
13088209.91,4710446.228,Breeding,507,GPS,,,,
13088768.73,4714924.283,Breeding,508,GPS,,,,
13089300.84,4715169.065,Breeding,509,GPS,,,,
13090703.46,4702486.78,Breeding,510,GPS,,,,
13090667.84,4702506.796,Breeding,511,GPS,,,,
13090657.82,4708901.049,Breeding,512,GPS,,,,
13092293.1,4715954.987,Breeding,513,GPS,,,,
13091535.02,4734220.129,Breeding,514,GPS,,,,
13092810.74,4698192.84,Breeding,515,GPS,,,,
13094716.53,4706210.424,Breeding,516,GPS,,,,
13092762.87,4710194.405,Breeding,517,GPS,,,,
13094007.42,4713734.808,Breeding,518,GPS,,,,
13094245.65,4715621.428,Breeding,519,GPS,,,,
13092573.63,4734653.264,Breeding,520,GPS,,,,
13093382.92,4741498.396,Breeding,521,GPS,,,,
13094722.1,4744718.115,Breeding,522,GPS,,,,
13096034.55,4636614.526,Breeding,523,GPS,,,,
13095888.72,4641893.114,Breeding,524,GPS,,,,
13097421.59,4706170.378,Breeding,525,GPS,,,,
13096087.99,4708572.014,Breeding,526,GPS,,,,
13095750.69,4710161.497,Breeding,527,GPS,,,,
13096763.7,4713137.976,Breeding,528,GPS,,,,
13095293.16,4716549.121,Breeding,529,GPS,,,,
13097980.42,4637364.588,Breeding,530,GPS,,,,
13099024.59,4686289.638,Breeding,531,GPS,,,,
13098463.54,4702165.1,Breeding,532,GPS,,,,
13098657.24,4702536.82,Breeding,533,GPS,,,,
13099861.72,4705237.912,Breeding,534,GPS,,,,
13098695.09,4711776.987,Breeding,535,GPS,,,,
13100163.39,4701610.406,Breeding,536,GPS,,,,
13100804.59,4702573.992,Breeding,537,GPS,,,,
13102340.8,4715604.25,Breeding,538,GPS,,,,
13103689.99,4681056.576,Breeding,539,GPS,,,,
13103490.73,4682670.304,Breeding,540,GPS,,,,
13103976.09,4706818.292,Breeding,541,GPS,,,,
13107131.99,4612067.443,Breeding,542,GPS,,,,
13107409.18,4613751.136,Breeding,543,GPS,,,,
13106468.53,4703061.539,Breeding,544,GPS,,,,
13107715.31,4612518.102,Breeding,545,GPS,,,,
13109495.31,4739058.811,Breeding,546,GPS,,,,
13112305.01,4707198.764,Breeding,547,GPS,,,,
13114914.34,4621664.493,Breeding,548,GPS,,,,
13114501.34,4627906.171,Breeding,549,GPS,,,,
13114974.45,4703672.078,Breeding,550,GPS,,,,
13112998.53,4705751.33,Breeding,551,GPS,,,,
13112593.33,4707848.174,Breeding,552,GPS,,,,
13113467.18,4733537.477,Breeding,553,GPS,,,,
13112930.18,4741875.867,Breeding,554,GBIF,,,,
13113510.6,4745974.414,Breeding,555,GPS,,,,
13117394.54,4608563.466,Breeding,556,GPS,,,,
13115077.98,4621627.613,Breeding,557,GPS,,,,
13115645.71,4622987.997,Breeding,558,GPS,,,,
13115850.54,4626481.276,Breeding,559,GPS,,,,
13117041.65,4628790.443,Breeding,560,GPS,,,,
13115470.94,4703278.869,Breeding,561,GPS,,,,
13116265.76,4705273.665,Breeding,562,GPS,,,,
13116937.01,4713374.128,Breeding,563,GPS,,,,
13116153.32,4734799.559,Breeding,564,GPS,,,,
13116969.3,4735812.206,Breeding,565,GPS,,,,
13118932.97,4583051.345,Breeding,566,GPS,,,,
13118871.75,4585216.531,Breeding,567,GPS,,,,
13118186.02,4609103.225,Breeding,568,GPS,,,,
13117856.51,4611200.194,Breeding,569,GPS,,,,
13118720.35,4614200.451,Breeding,570,GPS,,,,
13118179.34,4615090.634,Breeding,571,GPS,,,,
13118096.96,4619756.848,Breeding,572,GPS,,,,
13117882.12,4620074.528,Breeding,573,GPS,,,,
13117711.8,4628614.434,Breeding,574,GPS,,,,
13117892.58,4748453.011,Breeding,575,GBIF,,,,
13118690.3,4753899.16,Breeding,576,GPS,,,,
13120729.67,4585965.689,Breeding,577,GPS,,,,
13120458.05,4604795.858,Breeding,578,GPS,,,,
13121457.7,4607679.513,Breeding,579,GPS,,,,
13121915.22,4758218.232,Breeding,580,GPS,,,,
13124255.16,4585381.907,Breeding,581,GPS,,,,
13123463.68,4606666.743,Breeding,582,GPS,,,,
13123538.26,4608084.649,Breeding,583,GPS,,,,
13124005.8,4628779.088,Breeding,584,GPS,,,,
13124376.5,4630208.56,Breeding,585,GPS,,,,
13123622.86,4750435.179,Breeding,586,GBIF,,,,
13124821.77,4757118.526,Breeding,587,GPS,,,,
13123767.58,4757959.467,Breeding,588,GPS,,,,
13125887.1,4582384.355,Breeding,589,GPS,,,,
13125892.67,4588831.366,Breeding,590,GPS,,,,
13126982.48,4600575.222,Breeding,591,GPS,,,,
13126795.47,4613147.356,Breeding,592,GPS,,,,
13125254.81,4629698.924,Breeding,593,GPS,,,,
13125213.62,4630435.704,Breeding,594,GPS,,,,
13125102.3,4760107.419,Breeding,595,GPS,,,,
13129934.68,4610168.658,Breeding,596,GPS,,,,
13127658.19,4613306.093,Breeding,597,GPS,,,,
13128099.02,4750550.099,Breeding,598,GPS,,,,
13129012.95,4757253.647,Breeding,599,GPS,,,,
13129378.08,4759975.136,Breeding,600,GPS,,,,
13129368.06,4764968.601,Breeding,601,GPS,,,,
13129342.46,4765171.441,Breeding,602,GPS,,,,
13132173.31,4573286.778,Breeding,603,GPS,,,,
13130897.59,4751854.965,Breeding,604,GBIF,,,,
13132266.82,4755791.85,Breeding,605,GPS,,,,
13130968.84,4758482.754,Breeding,606,GPS,,,,
13132892.44,4573108.89,Breeding,607,GPS,,,,
13134942.94,4575324.247,Breeding,608,GPS,,,,
13133312.11,4755849.341,Breeding,609,GPS,,,,
13133827.52,4757982.468,Breeding,610,GPS,,,,
13137464.33,4568465.094,Breeding,611,GPS,,,,
13137059.12,4598696.95,Breeding,612,GPS,,,,
13135033.11,4753843.549,Breeding,613,GBIF,,,,
13135620.88,4757187.523,Breeding,614,GPS,,,,
13137245.03,4759151.28,Breeding,615,GPS,,,,
13137582.33,4604668.407,Breeding,616,GPS,,,,
13137522.21,4754754.635,Breeding,617,GBIF,,,,
13137988.64,4757490.831,Breeding,618,GPS,,,,
13139324.48,4759924.811,Breeding,619,GPS,,,,
13141676.66,4753410.596,Breeding,620,GPS,,,,
13140512.26,4763747.332,Breeding,621,GPS,,,,
13143074.83,4569704.177,Breeding,622,GPS,,,,
13144537.57,4588123.002,Breeding,623,GPS,,,,
13146475.64,4571807.288,Breeding,624,GPS,,,,
13147461.93,4578487.846,Breeding,625,GPS,,,,
13146690.49,4584125.401,Breeding,626,GPS,,,,
13147002.18,4586464.687,Breeding,627,GPS,,,,
13146848.56,4588371.843,Breeding,628,GPS,,,,
13145070.79,4760781.804,Breeding,629,GBIF,,,,
13147599.97,4569152.358,Breeding,630,GPS,,,,
13149200.74,4574597.038,Breeding,631,GPS,,,,
13149601.49,4577323.981,Breeding,632,GPS,,,,
13149027.08,4578335.293,Breeding,633,GPS,,,,
13148777.73,4581632.63,Breeding,634,GPS,,,,
13149673.85,4584310.546,Breeding,635,GPS,,,,
13149707.25,4587131.94,Breeding,636,GPS,,,,
13148144.32,4588060.793,Breeding,637,GPS,,,,
13149909.85,4748960.007,Breeding,638,GPS,,,,
13152304.33,4562995.421,Breeding,639,GPS,,,,
13150479.8,4571138.199,Breeding,640,GPS,,,,
13150783.7,4572772.886,Breeding,641,GPS,,,,
13151712.11,4578225.118,Breeding,642,GPS,,,,
13151766.66,4580276.272,Breeding,643,GPS,,,,
13150185.92,4585092.148,Breeding,644,GPS,,,,
13152493.57,4758833.545,Breeding,645,GPS,,,,
13152129.56,4762447.11,Breeding,646,GPS,,,,
13153508.81,4563652.702,Breeding,647,GPS,,,,
13154512.91,4745680.067,Breeding,648,GPS,,,,
13153130.32,4752673.485,Breeding,649,GPS,,,,
13152513.61,4758823.481,Breeding,650,GPS,,,,
13154635.36,4761611.546,Breeding,651,GPS,,,,
13156369.72,4563704.891,Breeding,652,GPS,,,,
13157348.21,4734720.674,Breeding,653,GPS,,,,
13157426.14,4735955.648,Breeding,654,GPS,,,,
13156674.73,4739833.674,Breeding,655,GPS,,,,
13157024.28,4740988.905,Breeding,656,GPS,,,,
13156968.62,4743123.2,Breeding,657,GPS,,,,
13157006.46,4746307.539,Breeding,658,GPS,,,,
13157036.52,4751772.643,Breeding,659,GPS,,,,
13157312.59,4753736.782,Breeding,660,GPS,,,,
13157248.03,4755955.699,Breeding,661,GPS,,,,
13155732.97,4759315.183,Breeding,662,GPS,,,,
13155291.03,4762733.317,Breeding,663,GPS,,,,
13155046.13,4765485.06,Breeding,664,GPS,,,,
13157883.66,4734859.798,Breeding,665,GPS,,,,
13157871.42,4735007.53,Breeding,666,GPS,,,,
13158549.35,4737575.257,Breeding,667,GPS,,,,
13157947.11,4742480.137,Breeding,668,GPS,,,,
13158253.24,4744909.062,Breeding,669,GPS,,,,
13158511.5,4746469.797,Breeding,670,GPS,,,,
13159146.02,4750265.674,Breeding,671,GPS,,,,
13158610.58,4754515.647,Breeding,672,GPS,,,,
13158133.02,4756938.847,Breeding,673,GPS,,,,
13162432.18,4588856.817,Breeding,674,GPS,,,,
13161855.54,4729747.877,Breeding,675,GPS,,,,
13161784.3,4730503.39,Breeding,676,GPS,,,,
13160536.41,4732648.378,Breeding,677,GPS,,,,
13162209.54,4739482.108,Breeding,678,GPS,,,,
13162458.89,4740874.093,Breeding,679,GPS,,,,
13161913.43,4744887.527,Breeding,680,GPS,,,,
13161986.9,4746174,Breeding,681,GPS,,,,
13162342.01,4749916.618,Breeding,682,GPS,,,,
13162187.27,4750109.1,Breeding,683,GPS,,,,
13160013.2,4756463.072,Breeding,684,GPS,,,,
13161266.66,4764137.144,Breeding,685,GPS,,,,
13164893.45,4588363.36,Breeding,686,GPS,,,,
13163097.87,4729892.668,Breeding,687,GPS,,,,
13162962.06,4730715.574,Breeding,688,GPS,,,,
13163345,4734702.889,Breeding,689,GBIF,,,,
13163002.13,4737054.487,Breeding,690,GPS,,,,
13163122.36,4739005.721,Breeding,691,GPS,,,,
13164537.23,4740051.795,Breeding,692,GPS,,,,
13164991.41,4743193.537,Breeding,693,GPS,,,,
13164448.17,4747047.058,Breeding,694,GPS,,,,
13163389.52,4747811.045,Breeding,695,GPS,,,,
13163951.69,4750001.367,Breeding,696,GPS,,,,
13165924.27,4587259.175,Breeding,697,GPS,,,,
13165726.12,4588106.036,Breeding,698,GPS,,,,
13166308.32,4729832.458,Breeding,699,GPS,,,,
13166842.65,4732096.316,Breeding,700,GPS,,,,
13166222.6,4734330.562,Breeding,701,GPS,,,,
13165871.95,4737294.066,Breeding,702,GPS,,,,
13165383.26,4739804.974,Breeding,703,GPS,,,,
13166271.59,4741392.19,Breeding,704,GPS,,,,
13165214.05,4743371.536,Breeding,705,GPS,,,,
13165976.59,4747090.138,Breeding,706,GPS,,,,
13166115.74,4749241.523,Breeding,707,GPS,,,,
13166290.51,4750211.088,Breeding,708,GPS,,,,
13167222.25,4753104.538,Breeding,709,GPS,,,,
13167422.63,4756120.987,Breeding,710,GPS,,,,
13169712.47,4726729.257,Breeding,711,GBIF,,,,
13168582.58,4733689.492,Breeding,712,GPS,,,,
13168283.13,4735241.324,Breeding,713,GPS,,,,
13167773.29,4739334.311,Breeding,714,GPS,,,,
13168243.05,4742230.387,Breeding,715,GPS,,,,
13167873.47,4743642.847,Breeding,716,GPS,,,,
13168992.23,4747026.954,Breeding,717,GPS,,,,
13169848.28,4749734.194,Breeding,718,GPS,,,,
13169280.55,4750863.263,Breeding,719,GPS,,,,
13167604.08,4754242.606,Breeding,720,GPS,,,,
13168175.15,4756099.428,Breeding,721,GPS,,,,
13170537.35,4586727.625,Breeding,722,GPS,,,,
13172458.72,4726409.674,Breeding,723,GPS,,,,
13171754.07,4728483.559,Breeding,724,GPS,,,,
13171962.24,4734098.224,Breeding,725,GPS,,,,
13172228.29,4737335.671,Breeding,726,GPS,,,,
13172433.12,4739813.584,Breeding,727,GPS,,,,
13171925.5,4740975.988,Breeding,728,GPS,,,,
13171065,4743987.38,Breeding,729,GPS,,,,
13171986.73,4745193.337,Breeding,730,GPS,,,,
13170492.82,4749885.016,Breeding,731,GPS,,,,
13170131.03,4752968.035,Breeding,732,GPS,,,,
13171481.34,4756034.75,Breeding,733,GPS,,,,
13170478.35,4757932.153,Breeding,734,GPS,,,,
13174357.83,4588480.713,Breeding,735,GPS,,,,
13173369.32,4726679.097,Breeding,736,GPS,,,,
13173039.81,4729190.239,Breeding,737,GPS,,,,
13174982.34,4734915.735,Breeding,738,GPS,,,,
13173732.22,4736899.552,Breeding,739,GPS,,,,
13173595.29,4737876.541,Breeding,740,GPS,,,,
13172681.36,4740005.874,Breeding,741,GPS,,,,
13174542.62,4742849.032,Breeding,742,GPS,,,,
13173342.6,4746033.284,Breeding,743,GPS,,,,
13174701.81,4755224.15,Breeding,744,GPS,,,,
13176776.81,4586341.702,Breeding,745,GPS,,,,
13175531.14,4587623.925,Breeding,746,GPS,,,,
13177489.25,4719474.487,Breeding,747,GPS,,,,
13177238.78,4729882.633,Breeding,748,GPS,,,,
13177474.78,4730281.175,Breeding,749,GPS,,,,
13175194.96,4735072.074,Breeding,750,GPS,,,,
13175764.91,4746916.382,Breeding,751,GPS,,,,
13177249.91,4749497.192,Breeding,752,GPS,,,,
13175422.05,4750162.248,Breeding,753,GPS,,,,
13177185.35,4754139.14,Breeding,754,GPS,,,,
13175326.31,4756168.419,Breeding,755,GPS,,,,
13176976.07,4763593.425,Breeding,756,GPS,,,,
13179379.46,4585876.635,Breeding,757,GPS,,,,
13178131.56,4590270.866,Breeding,758,GPS,,,,
13177818.76,4719329.846,Breeding,759,GPS,,,,
13177863.28,4721966.654,Breeding,760,GPS,,,,
13179223.61,4725279.034,Breeding,761,GPS,,,,
13178571.28,4729660.431,Breeding,762,GPS,,,,
13178704.86,4730157.883,Breeding,763,GPS,,,,
13179688.92,4732588.152,Breeding,764,GPS,,,,
13178178.32,4740259.874,Breeding,765,GPS,,,,
13178736.03,4744036.19,Breeding,766,GPS,,,,
13177579.42,4749558.955,Breeding,767,GPS,,,,
13177536,4753810.067,Breeding,768,GPS,,,,
13180090.79,4586991.983,Breeding,769,GPS,,,,
13180598.4,4726428.304,Breeding,770,GPS,,,,
13180146.45,4732384.532,Breeding,771,GPS,,,,
13181831.82,4737497.785,Breeding,772,GPS,,,,
13182150.2,4737731.637,Breeding,773,GPS,,,,
13184378.81,4590709.261,Breeding,774,GPS,,,,
13183088.62,4718504.999,Breeding,775,GPS,,,,
13183146.51,4723606.949,Breeding,776,GPS,,,,
13184674.92,4725031.141,Breeding,777,GPS,,,,
13183722.03,4729241.844,Breeding,778,GPS,,,,
13184809.62,4731357.89,Breeding,779,GPS,,,,
13183748.75,4734792.387,Breeding,780,GPS,,,,
13182505.31,4737477.7,Breeding,781,GPS,,,,
13183275.64,4738819.189,Breeding,782,GPS,,,,
13182675.63,4744298.905,Breeding,783,GPS,,,,
13186066.42,4589184.86,Breeding,784,GPS,,,,
13185813.72,4729686.235,Breeding,785,GPS,,,,
13185036.71,4730813.066,Breeding,786,GPS,,,,
13185633.38,4736810.609,Breeding,787,GPS,,,,
13185195.9,4737568.084,Breeding,788,GPS,,,,
13185693.5,4741089.366,Breeding,789,GPS,,,,
13186899.09,4745520.692,Breeding,790,GPS,,,,
13189334.76,4746240.051,Breeding,791,GPS,,,,
13191043.51,4581954.791,Breeding,792,GPS,,,,
13192397.16,4719347.031,Breeding,793,GPS,,,,
13191493.24,4720532.867,Breeding,794,GPS,,,,
13192017.56,4745703.04,Breeding,795,GPS,,,,
13193682.9,4574361.235,Breeding,796,GPS,,,,
13194409.81,4576047.27,Breeding,797,GPS,,,,
13192809.04,4746937.921,Breeding,798,GPS,,,,
13193198.66,4748039.391,Breeding,799,GPS,,,,
13194945.26,4751446.521,Breeding,800,GPS,,,,
13196248.81,4578377.669,Breeding,801,GPS,,,,
13197290.76,4589187.688,Breeding,802,GPS,,,,
13196416.9,4716496.149,Breeding,803,GPS,,,,
13195397.22,4723051.081,Breeding,804,GPS,,,,
13196165.32,4747462.074,Breeding,805,GPS,,,,
13198129,4577922.847,Breeding,806,GPS,,,,
13198525.29,4586392.592,Breeding,807,GPS,,,,
13197987.62,4588074.931,Breeding,808,GPS,,,,
13199335.7,4751397.675,Breeding,809,GPS,,,,
13201908.29,4569118.488,Breeding,810,GPS,,,,
13202482.7,4577035.86,Breeding,811,GPS,,,,
13204459.74,4574272.281,Breeding,812,GPS,,,,
13202655.25,4575496.525,Breeding,813,GPS,,,,
13202936.89,4746903.458,Breeding,814,GPS,,,,
13205796.68,4569266.671,Breeding,815,GPS,,,,
13205319.12,4571341.462,Breeding,816,GPS,,,,
13205798.91,4572997.358,Breeding,817,GPS,,,,
13205507.25,4575087.016,Breeding,818,GPS,,,,
13208705.46,4570713.335,Breeding,819,GPS,,,,
13210661.35,4572914.063,Breeding,820,GPS,,,,
13211881.41,4579463.955,Breeding,821,GPS,,,,
13212135.22,4740749.237,Breeding,822,GPS,,,,
13212435.78,4747786.631,Breeding,823,GPS,,,,
13211714.43,4759368.38,Breeding,824,GPS,,,,
13214153.44,4486866.792,Breeding,825,GPS,,,,
13213476.62,4524837.192,Breeding,826,GPS,,,,
13212587.17,4578229.355,Breeding,827,GPS,,,,
13213633.58,4585264.589,Breeding,828,GPS,,,,
13214874.79,4589201.827,Breeding,829,GPS,,,,
13214720.05,4592782.694,Breeding,830,GPS,,,,
13212855.45,4741906.008,Breeding,831,GPS,,,,
13214724.51,4742771.519,Breeding,832,GPS,,,,
13214846.96,4746455.438,Breeding,833,GPS,,,,
13213836.18,4748454.448,Breeding,834,GPS,,,,
13214702.24,4750343.243,Breeding,835,GPS,,,,
13215553.84,4488124.239,Breeding,836,GPS,,,,
13215208.75,4586042.022,Breeding,837,GPS,,,,
13216813.97,4742414.11,Breeding,838,GPS,,,,
13217097.84,4742926.544,Breeding,839,GPS,,,,
13216152.74,4745789.19,Breeding,840,GPS,,,,
13216769.45,4748273.487,Breeding,841,GPS,,,,
13217383.93,4750751.212,Breeding,842,GPS,,,,
13216887.44,4753623.262,Breeding,843,GPS,,,,
13216146.06,4755343.436,Breeding,844,GPS,,,,
13217898.23,4574549.03,Breeding,845,GPS,,,,
13218696.39,4576612.167,Breeding,846,GPS,,,,
13219023.67,4743107.41,Breeding,847,GPS,,,,
13219037.02,4747115.987,Breeding,848,GPS,,,,
13219884.17,4747897.213,Breeding,849,GPS,,,,
13218755.39,4752289.863,Breeding,850,GPS,,,,
13217946.09,4753147.644,Breeding,851,GPS,,,,
13220674.53,4482913.394,Breeding,852,GPS,,,,
13221992.56,4587994.343,Breeding,853,GPS,,,,
13221670.84,4744385.043,Breeding,854,GPS,,,,
13221344.68,4746062.002,Breeding,855,GPS,,,,
13220538.72,4747902.957,Breeding,856,GPS,,,,
13220068.96,4751853.098,Breeding,857,GPS,,,,
13221244.49,4754644.984,Breeding,858,GPS,,,,
13221570.66,4755172.411,Breeding,859,GPS,,,,
13222949.9,4744072.079,Breeding,860,GPS,,,,
13224355.87,4747057.11,Breeding,861,GPS,,,,
13223024.49,4747594.193,Breeding,862,GPS,,,,
13224251.23,4751196.549,Breeding,863,GPS,,,,
13224018.57,4753891.975,Breeding,864,GPS,,,,
13227257.97,4481807.716,Breeding,865,GPS,,,,
13227299.16,4502449.873,Breeding,866,GPS,,,,
13226312.87,4740737.756,Breeding,867,GPS,,,,
13225476.86,4745869.597,Breeding,868,GPS,,,,
13227257.97,4747518.081,Breeding,869,GPS,,,,
13226629.01,4751479.564,Breeding,870,GPS,,,,
13229871.75,4480940.051,Breeding,871,GPS,,,,
13227797.87,4484945.904,Breeding,872,GPS,,,,
13229964.15,4501747.359,Breeding,873,GPS,,,,
13227918.09,4503389.437,Breeding,874,GPS,,,,
13229161.53,4507444.549,Breeding,875,GPS,,,,
13229662.47,4507998.724,Breeding,876,GPS,,,,
13229868.41,4513749.851,Breeding,877,GPS,,,,
13229487.7,4519075.758,Breeding,878,GPS,,,,
13229551.15,4738595.356,Breeding,879,GPS,,,,
13227796.75,4743583.991,Breeding,880,GPS,,,,
13229455.42,4746831.658,Breeding,881,GPS,,,,
13229936.32,4747673.178,Breeding,882,GPS,,,,
13227540.72,4751956.54,Breeding,883,GPS,,,,
13231136.34,4481652.371,Breeding,884,GPS,,,,
13232475.51,4484665.921,Breeding,885,GPS,,,,
13232469.95,4489003.701,Breeding,886,GPS,,,,
13231170.85,4510382.715,Breeding,887,GPS,,,,
13230105.52,4514481.248,Breeding,888,GPS,,,,
13232152.69,4519463.406,Breeding,889,GPS,,,,
13230952.66,4520323.027,Breeding,890,GPS,,,,
13230036.5,4747414.684,Breeding,891,GPS,,,,
13230111.09,4747520.953,Breeding,892,GPS,,,,
13232016.88,4751377.563,Breeding,893,GPS,,,,
13234508.21,4482426.322,Breeding,894,GPS,,,,
13232572.36,4484692.519,Breeding,895,GPS,,,,
13233997.25,4487418.482,Breeding,896,GPS,,,,
13232830.62,4488824.442,Breeding,897,GPS,,,,
13234258.85,4492024.963,Breeding,898,GPS,,,,
13234086.31,4575199.982,Breeding,899,GPS,,,,
13234744.2,4582262.832,Breeding,900,GPS,,,,
13234951.26,4582628.819,Breeding,901,GPS,,,,
13234610.62,4739889.639,Breeding,902,GPS,,,,
13234866.66,4745385.729,Breeding,903,GPS,,,,
13232561.23,4747513.772,Breeding,904,GPS,,,,
13234729.73,4752151.935,Breeding,905,GPS,,,,
13237262.25,4464970.979,Breeding,906,GPS,,,,
13237118.65,4465971.482,Breeding,907,GPS,,,,
13235586.89,4482283.563,Breeding,908,GPS,,,,
13235770.57,4482570.482,Breeding,909,GPS,,,,
13236235.89,4491526.262,Breeding,910,GPS,,,,
13235668.16,4494408.128,Breeding,911,GPS,,,,
13235765,4495679.09,Breeding,912,GPS,,,,
13237448.15,4573387.019,Breeding,913,GPS,,,,
13237214.38,4577009.026,Breeding,914,GPS,,,,
13235054.79,4578750.581,Breeding,915,GPS,,,,
13236262.6,4584073.109,Breeding,916,GPS,,,,
13237482.66,4586932.607,Breeding,917,GPS,,,,
13237107.52,4587533.443,Breeding,918,GPS,,,,
13237047.4,4739914.034,Breeding,919,GPS,,,,
13237121.99,4742292.106,Breeding,920,GPS,,,,
13237493.8,4742983.961,Breeding,921,GPS,,,,
13235442.18,4745509.206,Breeding,922,GPS,,,,
13235054.79,4749136.671,Breeding,923,GPS,,,,
13237950.21,4464848.018,Breeding,924,GPS,,,,
13237729.79,4465761.871,Breeding,925,GPS,,,,
13238919.8,4468885.498,Breeding,926,GPS,,,,
13238515.71,4486354.334,Breeding,927,GPS,,,,
13239704.6,4488828.643,Breeding,928,GPS,,,,
13238555.78,4505452.565,Breeding,929,GPS,,,,
13239955.07,4569958.222,Breeding,930,GPS,,,,
13239607.75,4570844.603,Breeding,931,GPS,,,,
13238100.49,4573546.558,Breeding,932,GPS,,,,
13239058.95,4581464.489,Breeding,933,GPS,,,,
13237688.6,4582900.138,Breeding,934,GPS,,,,
13238147.24,4587184.247,Breeding,935,GPS,,,,
13238668.22,4743029.895,Breeding,936,GPS,,,,
13239695.7,4749850.542,Breeding,937,GPS,,,,
13240852.3,4464874.566,Breeding,938,GPS,,,,
13242482.02,4466088.865,Breeding,939,GPS,,,,
13240694.23,4473992.908,Breeding,940,GPS,,,,
13240892.38,4475997.121,Breeding,941,GPS,,,,
13241700.56,4486100.915,Breeding,942,GPS,,,,
13240541.72,4489283.8,Breeding,943,GPS,,,,
13240751,4490147.953,Breeding,944,GPS,,,,
13240948.04,4511791.756,Breeding,945,GPS,,,,
13241819.67,4540102.579,Breeding,946,GPS,,,,
13242041.2,4564712.055,Breeding,947,GPS,,,,
13241863.09,4570484.678,Breeding,948,GPS,,,,
13240796.64,4574450.19,Breeding,949,GPS,,,,
13240273.44,4575399.089,Breeding,950,GPS,,,,
13240556.19,4582914.269,Breeding,951,GPS,,,,
13240795.53,4585787.583,Breeding,952,GPS,,,,
13240499.42,4588036.758,Breeding,953,GPS,,,,
13240844.51,4743869.663,Breeding,954,GPS,,,,
13241335.43,4745804.984,Breeding,955,GPS,,,,
13244572.6,4464846.621,Breeding,956,GPS,,,,
13244660.54,4465289.564,Breeding,957,GPS,,,,
13244101.72,4533877.006,Breeding,958,GPS,,,,
13244092.81,4537226.395,Breeding,959,GPS,,,,
13243893.55,4538570.11,Breeding,960,GPS,,,,
13244413.42,4562019.451,Breeding,961,GPS,,,,
13243326.94,4569736.638,Breeding,962,GPS,,,,
13244844.22,4571351.343,Breeding,963,GPS,,,,
13245024.56,4464604.897,Breeding,964,GPS,,,,
13247370.06,4465652.875,Breeding,965,GPS,,,,
13247065.05,4529980.35,Breeding,966,GPS,,,,
13247233.14,4530212.337,Breeding,967,GPS,,,,
13247146.31,4537096.957,Breeding,968,GPS,,,,
13246584.15,4537625.974,Breeding,969,GPS,,,,
13246611.98,4557054.983,Breeding,970,GPS,,,,
13246506.22,4569428.97,Breeding,971,GPS,,,,
13249565.28,4464737.635,Breeding,972,GPS,,,,
13249547.47,4465474.013,Breeding,973,GPS,,,,
13247895.49,4536897.176,Breeding,974,GPS,,,,
13249633.19,4538107.177,Breeding,975,GPS,,,,
13249553.04,4540271.46,Breeding,976,GPS,,,,
13249704.43,4544459.174,Breeding,977,GPS,,,,
13248105.88,4566179.247,Breeding,978,GPS,,,,
13247749.66,4568167.341,Breeding,979,GPS,,,,
13250820.97,4463550.036,Breeding,980,GPS,,,,
13251219.49,4467124.413,Breeding,981,GPS,,,,
13251953.08,4530625.708,Breeding,982,GPS,,,,
13251216.15,4537367.09,Breeding,983,GPS,,,,
13250013.9,4538057.93,Breeding,984,GPS,,,,
13250051.75,4541293.248,Breeding,985,GPS,,,,
13252445.12,4544583.071,Breeding,986,GPS,,,,
13251980.91,4545831.984,Breeding,987,GPS,,,,
13254473.36,4464547.61,Breeding,988,GPS,,,,
13254580.22,4465130.27,Breeding,989,GPS,,,,
13252638.81,4541612.753,Breeding,990,GPS,,,,
13254947.58,4545029.396,Breeding,991,GPS,,,,
13256729.8,4463477.388,Breeding,992,GPS,,,,
13255317.16,4539911.184,Breeding,993,GPS,,,,
13255682.29,4541398.81,Breeding,994,GPS,,,,
13255155.75,4544875.926,Breeding,995,GPS,,,,
13257832.98,4461148.701,Breeding,996,GPS,,,,
13259686.45,4472116.315,Breeding,997,GPS,,,,
13258196.99,4538632.024,Breeding,998,GPS,,,,
13258723.54,4540444.566,Breeding,999,GPS,,,,
13262166.65,4467965.784,Breeding,1000,GPS,,,,
13260208.54,4472264.528,Breeding,1001,GPS,,,,
13267594.59,4462186.559,Breeding,1002,GPS,,,,
13267641.34,4533749.016,Breeding,1003,GPS,,,,
13272713.06,4466691.176,Breeding,1004,GPS,,,,
13275609.59,4466253.763,Breeding,1005,GPS,,,,
13275235.56,4532244.199,Breeding,1006,GPS,,,,
13278860.12,4779942.268,Breeding,1007,GPS,,,,
13278344.71,4780077.696,Breeding,1008,GPS,,,,
13301101.75,4454764.56,Breeding,1009,GPS,,,,
13301259.83,4456374.195,Breeding,1010,GPS,,,,
13312183.61,4439540.708,Breeding,1011,GBIF,,,,
13313782.16,4439823.261,Breeding,1012,GPS,,,,
13494788.76,4995705.384,Breeding,1013,GBIF,,,,
13494374.65,4998612.785,Breeding,1014,GBIF,,,,
13495333.11,4991635.566,Breeding,1015,GPS,,,,
13495107.13,4995623.661,Breeding,1016,GBIF,,,,
13499291.63,5002456.829,Breeding,1017,GPS,,,,
13499399.61,5003180.344,Breeding,1018,GPS,,,,
13502083.53,5001104.25,Breeding,1019,GPS,,,,
13500270.13,5003259.919,Breeding,1020,GPS,,,,
13501005.95,5005901.007,Breeding,1021,GPS,,,,
13503885.79,5001068.891,Breeding,1022,GPS,,,,
13511521.19,4996848.83,Breeding,1023,GPS,,,,
13511907.47,4999439.569,Breeding,1024,GPS,,,,
13514661.52,5001179.388,Breeding,1025,GPS,,,,
13517244.13,4998006.403,Breeding,1026,GPS,,,,
13516935.77,5000981.967,Breeding,1027,GPS,,,,
13520205.23,5001942.591,Breeding,1028,GPS,,,,
13529825.46,4993577.148,Breeding,1029,GPS,,,,
13529261.07,4999052.166,Breeding,1030,GPS,,,,
13530866.29,4991695.913,Breeding,1031,GPS,,,,
13531961.68,4993974.639,Breeding,1032,GPS,,,,
13533110.5,4990569.995,Breeding,1033,GPS,,,,
13532935.72,4994076.222,Breeding,1034,GPS,,,,
13534651.16,4998974.098,Breeding,1035,GBIF,,,,
13532714.2,5000868.526,Breeding,1036,GBIF,,,,
13535394.77,4989975.445,Breeding,1037,GPS,,,,
13535457.11,4990059.327,Breeding,1038,GPS,,,,
13537487.58,4993210.588,Breeding,1039,GPS,,,,
13547376.09,4994999.356,Breeding,1040,GPS,,,,
13547215.79,4995726.735,Breeding,1041,GPS,,,,
13549427.71,4993269.472,Breeding,1042,GPS,,,,
13548940.13,4995005.245,Breeding,1043,GPS,,,,
13549008.03,5009421.607,Breeding,1044,GPS,,,,
13551863.38,4992425.989,Breeding,1045,GPS,,,,
13551405.85,4993902.5,Breeding,1046,GPS,,,,
13550763.54,5017713.615,Breeding,1047,GPS,,,,
13553475.28,4989769.421,Breeding,1048,GPS,,,,
13552657.09,4990388.977,Breeding,1049,GPS,,,,
13552759.5,4993730.254,Breeding,1050,GPS,,,,
13554322.42,5007611.022,Breeding,1051,GBIF,,,,
13553612.21,5032256.836,Breeding,1052,GPS,,,,
13557257.92,4998492.448,Breeding,1053,GPS,,,,
13560856.88,5051270.635,Breeding,1054,GBIF,,,,
13568984.31,5019968.919,Breeding,1055,GBIF,,,,
13574715.04,4976031.574,Breeding,1056,GPS,,,,
