"Lon","Lat","时间","source","...5","grid_id","X","Y"
118.35661,39.05608,"2021/6/30 20:00","GPS",NA,1169227,13175397.5572181,4729707.73783431
118.3352,39.05352,"2021/6/29 2:01","GPS",NA,1169226,13173014.2069202,4729340.75540049
118.37253,39.02987,"2021/6/21 10:01","GPS",NA,1164096,13177169.7635115,4725951.09737437
118.37469,39.0536,"2021/6/21 6:00","GPS",NA,1169228,13177410.2136116,4729352.22340018
118.36873,39.0505,"2021/6/16 0:00","GPS",NA,1166661,13176746.7494465,4728907.84791395
118.37318,39.04814,"2021/6/15 8:03","GPS",NA,1166662,13177242.1211805,4728569.56223309
118.39645,39.05496,"2021/5/29 8:01","GPS",NA,1169229,13179832.5257313,4729547.1813825
118.40568,39.03491,"2021/5/21 4:01","GPS",NA,1166663,13180860.0046313,4726673.36488549
118.4015,39.03278,"2021/5/19 2:00","GPS",NA,1164097,13180394.6891598,4726368.11459344
118.44291,39.06377,"2021/4/30 8:00","GPS",NA,1169231,13185004.4292735,4730810.19867857
118.43134,39.05276,"2021/4/28 22:01","GPS",NA,1169230,13183716.4627651,4729231.81005145
118.43903,39.0696,"2021/4/22 14:00","GPS",NA,1171797,13184572.5096493,4731646.08453232
118.43881,39.06981,"2021/4/22 12:01","GPS",NA,1171796,13184548.0193613,4731676.19491652
118.42376,39.03531,"2021/4/17 0:02","GPS",NA,1166664,13182872.6610248,4726730.68991014
118.35207,39.08733,"2021/4/16 20:00","GPS",NA,1174359,13174892.1667299,4734188.57687511
118.30529,39.22799,"2021/6/30 6:00","GPS",NA,1194885,13169684.6409506,4754381.99955421
118.30558,39.22148,"2021/6/29 0:00","GPS",NA,1192319,13169716.9236029,4753446.51938583
118.27419,39.18772,"2021/6/26 14:00","GPS",NA,1187185,13166222.6047869,4748596.63362184
118.25719,39.19336,"2021/6/26 2:00","GPS",NA,1189750,13164330.1734434,4749406.7011986
118.30048,39.20346,"2021/6/25 10:00","GPS",NA,1189752,13169149.1941998,4750857.51661954
118.26685,39.16821,"2021/6/24 18:00","GPS",NA,1184619,13165405.5197245,4745794.93301166
118.27948,39.19044,"2021/6/24 12:00","GPS",NA,1189751,13166811.4848932,4748987.29639358
118.25752,39.18875,"2021/6/22 2:00","GPS",NA,1187184,13164366.9088754,4748744.56664274
118.24577,39.11716,"2021/6/22 0:01","GPS",NA,1176920,13163058.9048585,4738467.65891511
118.35649,39.2049,"2021/6/21 16:00","GPS",NA,1189755,13175384.1988792,4751064.38254092
118.28845,39.12186,"2021/6/20 10:01","GPS",NA,1179488,13167810.0207256,4739142.03412936
118.29459,39.22066,"2021/6/14 14:00","GPS",NA,1192318,13168493.5223991,4753328.69239866
118.25195,39.15262,"2021/6/2 14:00","GPS",NA,1182052,13163746.8593116,4743556.71599186
118.30524,39.19531,"2021/5/16 16:00","GPS",NA,1189753,13169679.074976,4749686.79288027
118.26814,39.10754,"2021/4/29 12:00","GPS",NA,1176921,13165549.1218676,4737087.48223741
118.28403,39.16714,"2021/4/26 20:39","GPS",NA,1184620,13167317.9885763,4745641.29995297
118.28329,39.17619,"2021/4/24 18:03","GPS",NA,1187186,13167235.6121531,4746940.7934756
118.34479,39.22597,"2021/4/21 16:01","GPS",NA,1194886,13174081.7608369,4754091.71838954
118.35893,39.24432,"2021/4/21 11:53","GPS",NA,1197453,13175655.8184367,4756728.98533889
118.26255,39.15521,"2021/4/18 20:00","GPS",NA,1182053,13164926.8459141,4743928.52141329
118.33535,39.22407,"2021/4/16 16:00","GPS",NA,1192320,13173030.9048438,4753818.6892751
118.35723,39.24208,"2021/4/16 12:01","GPS",NA,1194887,13175466.5753024,4756407.01497152
118.43713,38.07981,"2021/4/5 20:00","GPS",NA,1025534,13184361.0026167,4590706.43221693
118.89535,38.03973,"2021/6/30 22:01","GPS",NA,1020423,13235369.819688,4585039.85069964
118.9122,38.04612,"2021/6/28 18:00","GPS",NA,1020424,13237245.5531079,4585943.07232188
118.92989,38.01181,"2021/6/28 8:00","GPS",NA,1015292,13239214.7949,4581094.30414389
118.92681,38.01457,"2021/6/27 20:00","GPS",NA,1017858,13238871.9308684,4581484.26972687
118.91275,38.05224,"2021/6/22 14:01","GPS",NA,1022990,13237306.7788278,4586808.20355913
118.90825,38.04963,"2021/6/18 14:00","GPS",NA,1022989,13236805.8411193,4586439.2416863
118.9394,37.97149,"2021/6/2 18:01","GPS",NA,1010161,13240273.4432575,4575399.08855541
118.95216,38.02516,"2021/5/22 20:06","GPS",NA,1017859,13241693.87996,4582980.68699733
118.92133,38.07151,"2021/5/10 10:00","GPS",NA,1025556,13238261.9000588,4589532.7086302
118.93392,38.06358,"2021/4/30 2:00","GPS",NA,1022991,13239663.4124479,4588411.4320644
118.90777,38.07192,"2021/4/12 14:00","GPS",NA,1025555,13236752.4077637,4589590.6846199
118.87807,38.02365,"2021/4/9 20:00","GPS",NA,1017856,13233446.2188871,4582767.30360993
118.84184,37.57063,"2021/6/30 22:00","GPS",NA,953704,13229413.1137357,4518946.5445715
118.84164,37.57052,"2021/6/30 20:00","GPS",NA,951138,13229390.8498375,4518931.09529143
118.84319,37.57927,"2021/4/25 8:00","GPS",NA,953705,13229563.3950483,4520160.08658831
118.84476,37.54103,"2021/4/23 22:00","GPS",NA,948573,13229738.1666488,4514790.10638312
118.84519,37.53471,"2021/4/23 12:00","GPS",NA,946007,13229786.0340298,4513902.86447546
118.84502,37.56912,"2021/4/19 22:00","GPS",NA,951139,13229767.1097164,4518734.47008367
118.8672,37.57436,"2021/4/12 12:00","GPS",NA,953706,13232236.1760222,4519470.42911973
119.18525,37.67595,"2021/4/9 22:01","GPS",NA,966550,13267641.340069,4533749.01574066
119.25347,37.66525,"2021/4/9 20:00","GPS",NA,966553,13275235.5557309,4532244.19887844
118.84689,37.44801,"2021/4/9 16:01","GPS",NA,935743,13229975.2771642,4501738.94603007
118.84162,37.48804,"2021/4/9 6:01","GPS",NA,940874,13229388.6234477,4507353.35828718
118.85584,37.5073,"2021/4/8 20:00","GPS",NA,943441,13230971.5866068,4510055.74372794
118.84408,37.49264,"2021/4/8 0:00","GPS",NA,940875,13229662.4693951,4507998.72448295
118.18248,39.14865,"2021/6/30 22:01","GPS",NA,1182049,13156013.4942862,4742986.83231403
118.368,39.10978,"2021/6/27 20:00","GPS",NA,1176925,13176665.4862182,4737408.83711099
118.45007,39.11799,"2021/6/27 6:01","GPS",NA,1176929,13185801.4768276,4738586.7474375
118.42562,39.11336,"2021/6/27 2:00","GPS",NA,1176928,13183079.7152777,4737922.45226762
118.37149,39.10949,"2021/6/27 0:00","GPS",NA,1176926,13177053.9912411,4737367.23255629
118.23576,39.06628,"2021/6/16 2:00","GPS",NA,1169221,13161944.5967557,4731170.06560004
118.23562,39.06885,"2021/6/15 18:06","GPS",NA,1171787,13161929.012027,4731538.54817722
118.24115,39.06117,"2021/6/15 14:01","GPS",NA,1169222,13162544.6088111,4730437.44165376
118.28,39.07212,"2021/6/14 12:01","GPS",NA,1171789,13166869.3710284,4732007.41505597
118.28382,39.07483,"2021/6/14 8:00","GPS",NA,1171790,13167294.6114832,4732396.00315256
118.2499,39.16378,"2021/6/14 2:00","GPS",NA,1184618,13163518.6543555,4745158.87862473
118.33672,39.10984,"2021/6/10 0:00","GPS",NA,1176924,13173183.4125462,4737417.44497127
118.26319,39.09572,"2021/6/9 18:00","GPS",NA,1174355,13164998.0903882,4735391.93053232
118.41544,39.10758,"2021/5/31 8:00","GPS",NA,1176927,13181946.4828614,4737093.22062774
118.29989,39.08661,"2021/5/31 2:00","GPS",NA,1174356,13169083.5157003,4734085.31600769
118.45747,39.13366,"2021/5/28 4:02","GPS",NA,1179495,13186625.2410595,4740835.34467718
118.26756,39.12294,"2021/5/27 22:01","GPS",NA,1179487,13165484.5565629,4739297.00330149
118.46416,39.1366,"2021/5/27 0:00","GPS",NA,1179496,13187369.9684529,4741257.28145807
118.35622,39.16986,"2021/5/24 6:00","GPS",NA,1184623,13175354.1426167,4746031.84838434
118.31736,39.07514,"2021/5/15 0:01","GPS",NA,1171791,13171028.2672044,4732440.4551406
118.21674,39.11266,"2021/4/28 18:01","GPS",NA,1176919,13159827.3000408,4737822.02267093
118.22435,39.09845,"2021/4/28 16:00","GPS",NA,1174353,13160674.4413658,4735783.51748242
118.28461,39.10347,"2021/4/28 10:00","GPS",NA,1176922,13167382.553881,4736503.61804412
118.19408,39.09983,"2021/4/16 12:00","GPS",NA,1174352,13157304.8003794,4735981.46830347
118.33566,39.3524,"2021/4/3 22:02","GPS",NA,1212848,13173065.413886,4772276.29436611
118.35239,39.34426,"2021/4/3 20:00","GPS",NA,1210283,13174927.7889669,4771104.51883668
118.6713,37.95856,"2021/6/30 22:00","GPS",NA,1007583,13210428.6877758,4573573.38357329
118.65633,37.93598,"2021/6/30 8:01","GPS",NA,1005016,13208762.2349986,4570385.87737831
118.56055,37.98978,"2021/6/29 2:00","GPS",NA,1012710,13198100.0541705,4577982.17021649
118.60147,37.97218,"2021/6/27 4:00","GPS",NA,1010146,13202655.2477337,4575496.52500437
118.65334,37.91305,"2021/6/23 4:02","GPS",NA,1002450,13208429.3897212,4567149.96532821
118.62235,37.96289,"2021/6/19 2:02","GPS",NA,1010147,13204979.5987015,4574184.74008109
118.64593,37.96342,"2021/6/18 20:01","GPS",NA,1010148,13207604.5122944,4574259.57372335
118.61836,37.95877,"2021/6/17 20:00","GPS",NA,1007580,13204535.4339332,4573603.0328263
118.62971,37.95448,"2021/6/16 20:00","GPS",NA,1007581,13205798.9101537,4572997.35776617
118.66163,37.9521,"2021/6/16 18:01","GPS",NA,1007582,13209352.2282998,4572661.35748734
118.6785,37.96529,"2021/6/9 16:00","GPS",NA,1010149,13211230.1881095,4574523.61371942
118.6894,37.96898,"2021/6/9 14:00","GPS",NA,1010150,13212443.5705592,4575044.6535457
118.68982,37.98717,"2021/6/9 2:01","GPS",NA,1012716,13212490.3247453,4577613.52267922
118.71188,37.93678,"2021/6/3 8:00","GPS",NA,1005019,13214946.0327122,4570498.79266057
118.7384,37.96547,"2021/6/1 18:01","GPS",NA,1010152,13217898.225608,4574549.0296888
118.68655,37.92184,"2021/5/27 6:01","GPS",NA,1002452,13212126.3100104,4568390.30254251
118.68522,37.92143,"2021/5/9 16:01","GPS",NA,1002451,13211978.2550876,4568332.44506483
118.22967,39.29584,"2021/4/20 22:00","GPS",NA,1205145,13161266.6610568,4764137.14409772
118.27104,39.24052,"2021/4/20 20:01","GPS",NA,1194883,13165871.9483909,4756182.79168204
118.26595,39.24374,"2021/4/20 16:00","GPS",NA,1197449,13165305.3321828,4756645.61702514
117.99625,39.24942,"2021/4/19 18:00","GPS",NA,1197437,13135282.4655158,4757462.08123021
117.95937,39.25348,"2021/4/17 20:01","GPS",NA,1197435,13131177.0026954,4758045.7211727
117.94312,39.30158,"2021/4/16 0:00","GPS",NA,1205132,13129368.06097,4764962.84699484
117.94489,39.30057,"2021/4/15 20:00","GPS",NA,1205133,13129565.0964687,4764817.55290061
118.43054,39.01636,"2021/6/30 22:00","GPS",NA,1164098,13183627.4071724,4724015.27320588
118.42699,39.01371,"2021/6/30 18:00","GPS",NA,1161532,13183232.2229801,4723635.60275235
118.3814,38.98008,"2021/6/28 4:00","GPS",NA,1156398,13178157.1673948,4718818.60503276
118.37686,38.98505,"2021/6/28 0:00","GPS",NA,1158964,13177651.7769066,4719530.33953926
118.43922,39.02571,"2021/6/21 4:02","GPS",NA,1164099,13184593.6603525,4725354.97886246
118.33157,39.04985,"2021/6/6 12:00","GPS",NA,1166660,13172610.1171686,4728814.67488244
118.3743,39.2263,"2021/6/4 20:00","GPS",NA,1194888,13177366.7990102,4754139.13998906
118.36612,39.20832,"2021/6/3 22:00","GPS",NA,1192321,13176456.2055755,4751555.70610217
118.37591,39.22409,"2021/6/3 18:00","GPS",NA,1192322,13177546.0233904,4753821.56322729
118.33367,39.16174,"2021/5/25 4:01","GPS",NA,1184622,13172843.8880993,4744865.99120368
118.33267,39.15515,"2021/5/24 18:00","GPS",NA,1182056,13172732.5686085,4743919.90800544
118.35154,39.14892,"2021/5/20 0:01","GPS",NA,1182057,13174833.1673997,4743025.5891272
118.32547,39.15441,"2021/5/19 22:00","GPS",NA,1182055,13171931.0682748,4743813.67657917
118.3233,39.17124,"2021/5/19 16:00","GPS",NA,1184621,13171689.5049797,4746230.00005551
118.29974,39.15079,"2021/5/16 16:00","GPS",NA,1182054,13169066.8177767,4743294.02002542
118.25285,39.13488,"2021/5/15 20:00","GPS",NA,1179486,13163847.0468534,4741010.43195122
118.39161,39.07084,"2021/5/4 18:02","GPS",NA,1171794,13179293.7393958,4731823.88047926
118.609,39.16684,"2021/4/7 20:00","GPS",NA,1184634,13203493.4834994,4745598.22568314
118.60573,39.17593,"2021/4/7 14:00","GPS",NA,1187200,13203129.4687645,4746903.45762661
119.06833,37.19833,"2021/4/5 20:00","GPS",NA,899829,13254625.8652055,4466787.60441178
119.06567,37.19677,"2021/4/5 14:00","GPS",NA,899828,13254329.7553599,4466569.59280214
118.23668,39.16355,"2021/6/20 8:01","GPS",NA,1184617,13162047.0106872,4745125.85657889
118.2291,39.13859,"2021/6/10 12:02","GPS",NA,1182051,13161203.208947,4741542.88812119
118.26401,38.06322,"2021/6/6 18:01","GPS",NA,1022961,13165089.3723706,4588360.53210293
118.22405,38.06374,"2021/6/6 8:00","GPS",NA,1022959,13160641.0455185,4588434.05434989
118.28484,38.05428,"2021/6/5 18:00","GPS",NA,1022962,13167408.1573638,4587096.59671181
118.35915,38.05484,"2021/6/5 16:01","GPS",NA,1022965,13175680.3087247,4587175.76486571
118.346,38.06899,"2021/6/3 12:00","GPS",NA,1025530,13174216.4574208,4589176.37553741
118.31845,38.04438,"2021/6/1 0:00","GPS",NA,1020397,13171149.6054494,4585697.11684041
118.31295,38.05167,"2021/5/26 16:01","GPS",NA,1022963,13170537.34825,4586727.62455606
118.36479,38.04505,"2021/5/25 12:00","GPS",NA,1020399,13176308.1506528,4585791.82314411
118.34727,38.06407,"2021/5/23 22:00","GPS",NA,1022964,13174357.8331741,4588480.71296994
118.37195,38.04356,"2021/5/23 6:00","GPS",NA,1020400,13177105.1982068,4585581.20881226
118.1069,37.92724,"2021/5/22 18:06","GPS",NA,1004992,13147599.9671721,4569152.35796193
118.13203,37.94217,"2021/5/22 16:00","GPS",NA,1004993,13150397.4259757,4571259.59141144
118.14384,37.9915,"2021/5/22 8:01","GPS",NA,1012691,13151712.109162,4578225.11752545
118.01691,38.17847,"2021/5/22 4:01","GPS",NA,1040912,13137582.3261956,4604668.40699045
118.21742,39.21835,"2021/5/20 10:00","GPS",NA,1192315,13159902.9972946,4752996.7725539
118.30527,39.17689,"2021/5/9 18:00","GPS",NA,1187187,13169682.4145607,4747041.31375527
118.36661,39.29397,"2021/4/21 4:00","GPS",NA,1202585,13176510.752126,4763868.15794802
118.36703,39.29477,"2021/4/18 0:01","GPS",NA,1205151,13176557.5063121,4763983.23135735
118.37418,39.2622,"2021/4/3 8:01","GPS",NA,1200020,13177353.4406713,4759299.36751536
117.44614,38.61155,"2021/6/30 22:00","GPS",NA,1102470,13074044.5004355,4666181.20394195
117.45237,38.60575,"2021/6/25 6:00","GPS",NA,1102471,13074738.0208632,4665354.95447066
117.4478,38.61344,"2021/6/23 12:00","GPS",NA,1105036,13074229.2907902,4666450.46173354
117.43297,38.63106,"2021/6/22 12:00","GPS",NA,1107602,13072578.4227418,4668961.02659913
117.48696,38.54934,"2021/6/22 0:00","GPS",NA,1094774,13078588.5620497,4657322.44636418
117.84028,38.28408,"2021/6/21 22:00","GPS",NA,1056300,13117919.9645368,4619634.88381362
117.84267,38.20978,"2021/6/21 0:00","GPS",NA,1046036,13118186.0181198,4609103.22481636
117.84532,38.27431,"2021/6/20 2:01","GPS",NA,1053734,13118481.0147704,4618249.41944486
117.81985,38.30772,"2021/6/18 6:00","GPS",NA,1058865,13115645.7073399,4622987.99713065
117.46214,38.63517,"2021/6/17 6:00","GPS",NA,1107603,13075825.6122882,4669546.72382819
117.45083,38.61552,"2021/6/15 8:00","GPS",NA,1105037,13074566.5888473,4666746.79596816
117.41821,38.62392,"2021/5/27 20:00","GPS",NA,1105035,13070935.3470577,4667943.61780712
117.41779,38.61036,"2021/5/13 16:00","GPS",NA,1102469,13070888.5928715,4666011.67489743
117.43249,38.65076,"2021/5/11 18:00","GPS",NA,1110168,13072524.9893862,4671768.68849392
117.421,38.64771,"2021/5/11 10:00","GPS",NA,1107601,13071245.928437,4671333.94922411
117.5085,38.57996,"2021/4/29 12:00","GPS",NA,1099907,13080986.3838814,4661681.80184766
117.49411,38.59318,"2021/4/25 20:00","GPS",NA,1099906,13079384.4964089,4663564.50159726
117.39558,38.63495,"2021/4/17 20:00","GPS",NA,1107600,13068416.186981,4669515.37178769
117.39454,38.62639,"2021/4/17 16:00","GPS",NA,1105034,13068300.4147106,4668295.56709028
117.55647,38.57605,"2021/4/12 20:00","GPS",NA,1097343,13086326.3798547,4661125.03345626
117.50027,38.59934,"2021/4/12 16:00","GPS",NA,1102473,13080070.2244722,4664441.88403218
117.49742,38.54445,"2021/4/4 22:00","GPS",NA,1094775,13079752.9639234,4656626.43123159
117.97878,39.31574,"2021/4/3 22:00","GPS",NA,1207700,13133337.7140116,4767000.06220449
117.8025,39.36155,"2021/4/1 22:00","GPS",NA,1212824,13113714.3141746,4773593.62517308
118.15903,39.22062,"2021/5/1 10:01","GPS",NA,1192312,13153403.0522271,4753322.94477596
118.12978,39.21034,"2021/4/29 22:00","GPS",NA,1192311,13150146.9571214,4751845.9142986
118.83249,37.45712,"2021/4/28 20:00","GPS",NA,935742,13228372.2764968,4503016.4059337
118.54502,39.19651,"2021/4/22 18:04","GPS",NA,1189763,13196371.2624784,4749859.16085573
118.53872,39.18077,"2021/4/22 10:01","GPS",NA,1187197,13195669.9496864,4747598.5014537
118.82966,39.17608,"2021/6/28 18:00","GPS",NA,1187210,13228057.2423378,4746924.99752264
118.81312,39.16459,"2021/6/23 0:00","GPS",NA,1184643,13226216.0179601,4745275.17451543
118.82853,39.17233,"2021/6/22 20:00","GPS",NA,1184644,13227931.4513132,4746386.51390671
118.8205,39.18573,"2021/5/22 12:00","GPS",NA,1187209,13227037.5558022,4748310.82742096
118.82904,39.15374,"2021/5/17 14:01","GPS",NA,1182078,13227988.2242535,4743717.49503525
118.81548,39.14632,"2021/5/16 12:00","GPS",NA,1182077,13226478.7319584,4742652.3815483
118.85258,39.12054,"2021/5/11 16:00","GPS",NA,1179513,13230608.6850668,4738952.63058974
118.84387,39.17567,"2021/4/26 14:00","GPS",NA,1187211,13229639.092302,4746866.12191567
118.84818,39.11919,"2021/4/21 6:00","GPS",NA,1176947,13230118.8793073,4738758.92609483
118.84308,39.11805,"2021/4/21 2:00","GPS",NA,1176946,13229551.1499043,4738595.35630072
118.86294,39.14235,"2021/4/17 2:00","GPS",NA,1182079,13231761.9549914,4742082.54887848
118.86912,39.13048,"2021/4/15 2:00","GPS",NA,1179514,13232449.9094445,4740378.98390892
118.85861,39.16728,"2021/4/8 10:00","GPS",NA,1184645,13231279.9415963,4745661.40134177
118.8727,39.13952,"2021/4/7 22:00","GPS",NA,1182080,13232848.4332216,4741676.36535974
118.1935,39.2394,"2021/6/30 23:00","GPS",NA,1194880,13157240.2350748,4756021.81393384
118.41065,39.27929,"2021/6/30 20:00","GPS",NA,1202587,13181413.2625005,4761756.79425794
118.10432,39.25012,"2021/6/29 17:00","GPS",NA,1197442,13147312.7628858,4757562.70639573
117.80914,39.25365,"2021/6/29 14:00","GPS",NA,1197428,13114453.4755935,4758070.16003549
117.90228,39.24703,"2021/6/29 11:00","GPS",NA,1197433,13124821.772966,4757118.52573393
118.21841,39.24247,"2021/6/28 17:00","GPS",NA,1197447,13160013.2035904,4756463.07157304
118.20152,39.24578,"2021/6/27 14:00","GPS",NA,1197446,13158133.0173909,4756938.84655983
117.47849,38.83805,"2021/6/25 11:00","GPS",NA,1135830,13077645.6859627,4698500.10235867
117.40898,38.8012,"2021/6/24 17:00","GPS",NA,1130695,13069907.8681576,4693235.05197733
117.37358,38.77874,"2021/6/24 11:00","GPS",NA,1128127,13065967.1581836,4690027.34993485
117.44923,38.78062,"2021/6/23 17:00","GPS",NA,1128130,13074388.4776621,4690295.80984136
117.48753,38.72618,"2021/6/23 8:00","GPS",NA,1120434,13078652.0141595,4682524.75863688
117.39076,38.65016,"2021/6/22 17:00","GPS",NA,1110166,13067879.6270354,4671683.16455235
117.47394,38.69051,"2021/6/22 11:00","GPS",NA,1115302,13077139.1822796,4677436.2462287
118.88973,38.02008,"2021/6/29 22:00","GPS",NA,1017857,13234744.2041498,4582262.83189654
118.71124,38.06917,"2021/6/26 8:00","GPS",NA,1025547,13214874.7882381,4589201.82749409
118.71622,38.02671,"2021/6/26 6:00","GPS",NA,1017849,13215429.1593022,4583199.72749876
118.70985,38.09449,"2021/6/26 4:00","GPS",NA,1028113,13214720.0541459,4592782.69366878
118.77518,38.06063,"2021/6/26 2:00","GPS",NA,1022983,13221992.5564794,4587994.34253971
118.92921,37.94027,"2021/6/18 22:00","GPS",NA,1005028,13239139.0976463,4570991.39995539
118.95524,37.91249,"2021/6/18 18:00","GPS",NA,1002463,13242036.7439916,4567070.95000442
118.93349,37.93919,"2021/6/18 14:00","GPS",NA,1005029,13239615.5450669,4570838.95737632
119.03007,37.94823,"2021/6/15 4:00","GPS",NA,1007599,13250366.7814877,4572115.02733324
118.95564,37.9123,"2021/6/14 14:00","GPS",NA,1002464,13242081.271788,4567044.14137051
118.88382,37.97008,"2021/6/11 20:00","GPS",NA,1010158,13234086.3059592,4575199.98213799
118.91943,37.95849,"2021/6/11 18:00","GPS",NA,1007594,13238050.3930263,4573563.5005078
118.54392,37.99258,"2021/6/9 0:00","GPS",NA,1012709,13196248.8110386,4578377.66874705
118.84722,37.9248,"2021/6/6 16:00","GPS",NA,1002459,13230012.0125962,4568808.01487912
118.8481,37.93264,"2021/6/6 14:00","GPS",NA,1005025,13230109.9737481,4569914.46935019
117.84422,38.3478,"2021/6/30 22:00","GPS",NA,1063998,13118358.5633305,4628675.4693201
117.83617,38.35304,"2021/6/27 18:00","GPS",NA,1066564,13117462.4414296,4629419.2736098
117.82169,38.33234,"2021/6/27 4:00","GPS",NA,1063997,13115850.5352029,4626481.2763166
117.74571,38.24261,"2021/6/27 2:00","GPS",NA,1048598,13107392.4802925,4613755.38822227
117.7426,38.22521,"2021/6/26 22:00","GPS",NA,1046031,13107046.2766761,4611289.46594168
117.74499,38.22387,"2021/6/26 18:00","GPS",NA,1046032,13107312.3302591,4611099.58604687
117.74213,38.23236,"2021/6/26 16:00","GPS",NA,1048597,13106993.9565154,4612302.69018179
117.80854,38.34266,"2021/6/23 4:00","GPS",NA,1063996,13114386.683899,4627945.9120512
117.45184,38.78038,"2021/6/22 22:00","GPS",NA,1128131,13074679.021533,4690261.53796985
117.43751,38.78967,"2021/6/22 12:00","GPS",NA,1130696,13073083.81323,4691588.22918759
117.4037,38.78447,"2021/6/22 10:00","GPS",NA,1128128,13069320.1012463,4690845.60354714
117.48936,38.60473,"2021/6/21 10:00","GPS",NA,1102472,13078855.7288276,4665209.65543445
117.52093,38.59347,"2021/6/14 2:00","GPS",NA,1099908,13082370.0851519,4663605.80525038
117.46684,38.65295,"2021/6/11 16:00","GPS",NA,1110169,13076348.8138949,4672080.85695913
117.47469,38.6426,"2021/6/9 18:00","GPS",NA,1107604,13077222.6718977,4670605.62424835
117.48794,38.65248,"2021/6/2 4:00","GPS",NA,1110170,13078697.6551507,4672013.86109614
117.50213,38.64559,"2021/6/1 22:00","GPS",NA,1107605,13080277.278725,4671031.78069913
117.47549,38.62049,"2021/5/28 14:00","GPS",NA,1105038,13077311.7274903,4667454.89862373
117.49912,38.66705,"2021/5/21 16:00","GPS",NA,1112737,13079942.2070577,4674090.93728572
117.51832,38.66851,"2021/5/14 20:01","GPS",NA,1112738,13082079.541281,4674299.09587581
117.50119,38.66434,"2021/4/29 18:00","GPS",NA,1110171,13080172.6384037,4673704.57197546
117.49559,38.66766,"2021/4/9 14:01","GPS",NA,1112736,13079549.2492552,4674177.90713931
117.49969,38.6856,"2021/4/5 16:00","GPS",NA,1115303,13080005.6591675,4676736.00770571
117.40392,38.7945,"2021/4/4 20:00","GPS",NA,1130694,13069344.5915342,4692278.06268431
117.38607,38.80909,"2021/4/1 10:00","GPS",NA,1133260,13067357.5386236,4694362.12937453
117.37512,38.7894,"2021/4/1 8:00","GPS",NA,1130693,13066138.5901994,4691549.66844609
117.71156,38.26703,"2021/4/1 0:00","GPS",NA,1053728,13103590.9196819,4617217.17824387
121.70297,40.87191,"2021/6/19 18:00","GPS",NA,1438806,13547912.648429,4993466.73692906
121.75298,40.84958,"2021/6/19 16:26","GPS",NA,1436242,13553479.7361636,4990180.00136051
121.43044,40.91501,"2021/6/18 12:43","GPS",NA,1446492,13517574.7476032,4999813.72906437
118.84077,37.94345,"2021/6/7 12:00","GPS",NA,1007590,13229294.0018805,4571440.27166993
121.67512,41.0458,"2021/6/20 8:03","GPS",NA,1467031,13544812.4006105,5019099.50230609
118.29278,39.23118,"2021/6/27 8:00","GPS",NA,1194884,13168292.0341207,4754840.43088472
118.32542,39.13464,"2021/6/27 4:00","GPS",NA,1179489,13171925.5023002,4740975.98831337
118.68437,38.00006,"2021/5/23 22:01","GPS",NA,1015281,13211883.6335205,4579434.28886126
118.38159,39.12965,"2021/5/16 10:01","GPS",NA,1179492,13178178.3180981,4740259.87426937
118.42336,39.12174,"2021/5/16 8:00","GPS",NA,1179494,13182828.1332285,4739124.81547911
118.71043,39.20109,"2021/5/15 14:00","GPS",NA,1189771,13214784.6194505,4750517.05902389
118.56744,39.20693,"2021/5/14 6:01","GPS",NA,1189764,13198867.045462,4751356.01323092
118.5746,39.20798,"2021/5/14 4:00","GPS",NA,1192331,13199664.0930161,4751506.85999875
118.57214,39.20837,"2021/5/13 22:01","GPS",NA,1192330,13199390.2470687,4751562.88937262
118.73378,39.20272,"2021/5/13 2:01","GPS",NA,1189772,13217383.9295606,4750751.21217067
119.08713,37.17449,"2021/6/7 22:01","GPS",NA,894697,13256718.6716324,4463456.43127017
119.09711,37.15905,"2021/6/7 12:00","GPS",NA,892132,13257829.6401505,4461299.55443745
119.06771,37.18614,"2021/6/7 6:01","GPS",NA,897263,13254556.8471212,4465084.15925193
119.06738,37.1835,"2021/6/7 4:01","GPS",NA,897262,13254520.1116892,4464715.27872278
119.03773,37.20074,"2021/6/6 0:00","GPS",NA,899827,13251219.4887872,4467124.41325492
118.9314,37.47389,"2021/6/5 22:00","GPS",NA,938312,13239382.8873311,4505368.40484481
118.81206,37.50128,"2021/6/5 8:00","GPS",NA,943439,13226098.0192999,4509210.99800462
118.45563,38.07322,"2021/6/5 4:00","GPS",NA,1025535,13186420.4131964,4589774.51307748
118.49716,38.0179,"2021/6/4 22:01","GPS",NA,1017839,13191043.5116491,4581954.79122704
118.39791,38.0836,"2021/6/4 20:00","GPS",NA,1025533,13179995.0521878,4591242.42982202
118.32728,39.13313,"2021/5/4 22:00","GPS",NA,1179490,13172132.5565531,4740759.28311803
121.55791,40.8628,"2021/6/29 22:00","GPS",NA,1438799,13531764.6430946,4992125.70919891
121.40119,40.92945,"2021/6/22 20:00","GPS",NA,1449056,13514318.6524975,5001941.1175945
121.57388,40.85946,"2021/6/21 22:00","GPS",NA,1438800,13533542.4153625,4991634.09431137
121.42236,40.91634,"2021/6/21 6:00","GPS",NA,1446491,13516675.2861175,5000009.65331309
121.40205,40.92259,"2021/6/20 2:00","GPS",NA,1446490,13514414.3872595,5000930.40276104
121.40483,40.9295,"2021/6/19 20:01","GPS",NA,1449057,13514723.8554439,5001948.48470586
121.25642,40.98127,"2021/6/12 4:01","GPS",NA,1456748,13498202.9298153,5009579.38553382
121.2571,40.97269,"2021/6/11 2:00","GPS",NA,1454182,13498278.6270691,5008314.27923529
121.27999,40.95707,"2021/6/11 0:01","GPS",NA,1451617,13500826.7302133,5006011.55932649
121.3802,40.91321,"2021/6/3 0:00","GPS",NA,1446489,13511982.0563857,4999548.57470405
121.26241,40.93362,"2021/5/27 10:00","GPS",NA,1449050,13498869.7335652,5002555.553839
121.43053,40.86394,"2021/5/24 12:00","GPS",NA,1438794,13517584.7663573,4992293.51157204
121.23064,40.85947,"2021/5/24 6:00","GPS",NA,1438785,13495333.1133427,4991635.56617523
121.26678,40.94483,"2021/5/24 2:00","GPS",NA,1451616,13499356.1997399,5004207.50399721
121.30212,40.92775,"2021/5/23 6:00","GPS",NA,1449052,13503290.2305446,5001690.63912502
121.56843,40.87605,"2021/5/1 16:01","GPS",NA,1441366,13532935.7241377,4994076.22214517
121.55467,40.85658,"2021/4/29 16:00","GPS",NA,1436233,13531403.9679444,4991210.20676613
121.55968,40.87536,"2021/4/29 6:00","GPS",NA,1441365,13531961.6785933,4993974.63862901
118.84598,39.20938,"2021/6/30 20:00","GPS",NA,1192343,13229873.9764276,4751707.99253072
118.92229,39.1297,"2021/6/28 18:01","GPS",NA,1179516,13238368.76677,4740267.04950912
118.78182,39.18393,"2021/6/26 4:01","GPS",NA,1187208,13222731.7178983,4748052.31621908
118.78908,39.1959,"2021/6/24 22:00","GPS",NA,1189774,13223539.8974014,4749771.54010033
118.82321,39.21341,"2021/6/24 20:00","GPS",NA,1192342,13227339.2316222,4752286.98927481
118.82223,39.20515,"2021/6/22 20:00","GPS",NA,1189776,13227230.1385212,4751100.29719543
118.79651,39.16825,"2021/6/17 2:00","GPS",NA,1184642,13224367.001218,4745800.67634889
118.81895,39.20538,"2021/6/16 20:00","GPS",NA,1189775,13226865.0105914,4751133.33879049
118.78567,39.15401,"2021/6/4 4:00","GPS",NA,1182076,13223160.2979378,4743756.25465174
118.93489,39.15804,"2021/6/3 16:00","GPS",NA,1184649,13239771.392354,4744334.79549379
118.94545,39.15523,"2021/6/3 10:00","GPS",NA,1182083,13240946.9261768,4743931.39255088
118.87192,39.19761,"2021/6/3 6:01","GPS",NA,1189778,13232761.6040188,4750017.16741942
118.89256,39.1911,"2021/6/2 20:00","GPS",NA,1189779,13235059.2383087,4749082.0918457
118.89143,39.18993,"2021/6/1 12:00","GPS",NA,1187213,13234933.4472841,4748914.04597215
118.92438,39.1493,"2021/5/29 8:00","GPS",NA,1182082,13238601.4245058,4743080.13600503
118.87035,39.18013,"2021/5/25 16:00","GPS",NA,1187212,13232586.8324182,4747506.59208665
118.93421,39.19645,"2021/5/10 14:03","GPS",NA,1189781,13239695.6951003,4749850.54238704
118.88969,39.21212,"2021/4/7 18:00","GPS",NA,1192345,13234739.7513701,4752101.64923222
118.91348,39.16381,"2021/4/6 22:01","GPS",NA,1184648,13237388.0420561,4745163.18585606
118.896,39.16622,"2021/4/6 18:02","GPS",NA,1184647,13235442.1773571,4745509.20610768
118.86588,39.20766,"2021/4/5 2:00","GPS",NA,1192344,13232089.2342944,4751460.88741154
121.7262,40.86853,"2021/6/30 20:00","GPS",NA,1438807,13550498.6002002,4992969.16614568
121.94386,40.7531,"2021/6/30 2:00","GPS",NA,1420855,13574728.4005662,4975991.89752229
121.76531,40.84083,"2021/6/29 18:00","GPS",NA,1433677,13554852.3054851,4988892.39763663
121.6109,40.87682,"2021/6/28 14:01","GPS",NA,1441368,13537663.4629117,4994189.58471037
121.78692,40.90604,"2021/6/27 14:00","GPS",NA,1443942,13557257.9196811,4998492.44814519
121.71133,40.87852,"2021/6/23 4:00","GPS",NA,1441372,13548843.2793721,4994439.87036783
121.76834,40.84301,"2021/6/23 0:00","GPS",NA,1436243,13555189.6035422,4989213.17900643
121.74651,40.8737,"2021/6/19 18:00","GPS",NA,1438808,13552759.4990582,4993730.25363782
118.83774,37.93261,"2021/6/7 22:00","GPS",NA,1005024,13228956.7038234,4569910.2352434
121.57,40.85223,"2021/6/27 17:00","GPS",NA,1436234,13533110.4957383,4990569.99488954
121.68771,40.86685,"2021/6/26 5:00","GPS",NA,1438805,13546213.9129995,4992721.86230613
121.71281,40.9802,"2021/6/15 20:00","GPS",NA,1456768,13549008.0322185,5009421.6068858
121.66477,41.07368,"2021/6/15 14:00","GPS",NA,1469596,13543660.2438807,5023215.52892434
121.75417,41.13488,"2021/6/15 11:00","GPS",NA,1479864,13553612.2063577,5032256.83550111
121.72848,41.0363,"2021/6/14 20:00","GPS",NA,1464467,13550752.4086392,5017697.38085973
118.76978,39.16071,"2021/6/30 22:00","GPS",NA,1184641,13221391.4312291,4744718.11499727
118.81012,39.13507,"2021/6/29 16:00","GPS",NA,1179511,13225882.0594877,4741037.69991445
118.76792,39.15425,"2021/6/29 14:00","GPS",NA,1182075,13221184.3769763,4743790.70776903
118.76594,39.17731,"2021/6/28 0:00","GPS",NA,1187207,13220963.9643845,4747101.62640345
118.81662,39.20859,"2021/6/9 4:00","GPS",NA,1192341,13226605.6361779,4751594.49582335
121.37865,40.89248,"2021/6/28 16:00","GPS",NA,1443923,13511809.511175,4996495.40046584
121.30452,40.92387,"2021/6/28 6:00","GPS",NA,1446486,13503557.3973225,5001118.98298975
121.28058,40.93474,"2021/6/27 18:00","GPS",NA,1449051,13500892.4087129,5002720.58888571
121.53519,40.90972,"2021/6/23 18:00","GPS",NA,1446496,13529235.4642638,4999034.49042797
118.75314,39.15178,"2021/6/29 2:00","GPS",NA,1182074,13219539.0749023,4743436.1333886
118.73399,39.15556,"2021/6/29 0:01","GPS",NA,1184640,13217407.3066536,4743978.76643881
118.73019,39.15671,"2021/6/28 14:00","GPS",NA,1184639,13216984.2925886,4744143.85899668
118.64491,39.16782,"2021/6/24 16:00","GPS",NA,1184636,13207490.9664138,4745738.9356448
118.73064,39.14531,"2021/6/24 10:00","GPS",NA,1182073,13217034.3863595,4742507.40847589
118.63494,39.04631,"2021/6/23 20:00","GPS",NA,1166673,13206381.1110906,4728307.25526932
118.68875,39.1366,"2021/6/23 6:00","GPS",NA,1179506,13212371.2128901,4741257.28145807
118.68221,39.13144,"2021/6/20 18:00","GPS",NA,1179505,13211643.1834204,4740516.75102593
118.50932,38.98377,"2021/6/16 6:00","GPS",NA,1158970,13192397.1566571,4719347.03090548
118.74863,39.17741,"2021/6/15 8:00","GPS",NA,1187206,13219037.0239988,4747115.98661088
118.70177,39.18694,"2021/6/14 0:00","GPS",NA,1187204,13213820.5926603,4748484.6081165
118.64231,39.0487,"2021/6/13 20:00","GPS",NA,1166674,13207201.5357377,4728649.83238876
118.70451,39.14156,"2021/6/10 0:00","GPS",NA,1182072,13214125.6080651,4741969.16031698
118.8342,39.13254,"2021/5/6 18:00","GPS",NA,1179512,13228562.632826,4740674.61148967
118.89329,39.1373,"2021/4/29 14:00","GPS",NA,1179515,13235140.501537,4741357.7451931
118.89558,39.13931,"2021/4/16 14:00","GPS",NA,1182081,13235395.4231709,4741646.22518402
118.17497,39.28659,"2021/4/2 11:00","GPS",NA,1202577,13155177.4849104,4762806.66774993
118.15132,39.25571,"2021/4/2 8:00","GPS",NA,1197444,13152544.7789531,4758366.30625859
118.17348,39.30512,"2021/4/1 20:00","GPS",NA,1205143,13155011.6188691,4765472.11215426
118.22889,39.20737,"2021/6/28 2:00","GPS",NA,1189749,13161179.831854,4751419.22493531
118.27732,39.20863,"2021/5/8 14:00","GPS",NA,1192317,13166571.0347931,4751600.24246139
118.35929,39.17623,"2021/4/22 20:00","GPS",NA,1187189,13175695.8934534,4746946.53746462
118.3866,39.15596,"2021/4/22 14:00","GPS",NA,1184624,13178736.028747,4744036.18963115
118.57514,38.99601,"2021/4/19 4:00","GPS",NA,1158973,13199724.2055411,4721100.05542967
119.01572,37.17575,"2021/6/10 22:02","GPS",NA,894694,13248769.3467948,4463632.46528033
119.02033,37.18573,"2021/6/10 20:01","GPS",NA,897260,13249282.5296474,4465026.87014217
119.02287,37.18366,"2021/6/10 16:00","GPS",NA,897261,13249565.281154,4464737.63475144
119.03415,37.17516,"2021/6/10 6:02","GPS",NA,894695,13250820.9650101,4463550.03629104
118.91087,37.19228,"2021/6/10 4:02","GPS",NA,897256,13237097.4981852,4465942.13581089
118.18568,37.88863,"2021/6/9 22:01","GPS",NA,997297,13156369.7166568,4563704.89136311
118.1686,37.88866,"2021/6/9 20:01","GPS",NA,997296,13154468.379754,4563709.12293956
118.74577,39.21533,"2021/6/8 20:02","GPS",NA,1192338,13218718.6502552,4752562.85052736
118.72932,39.22271,"2021/6/7 20:02","GPS",NA,1192337,13216887.4446316,4753623.26244731
118.66964,39.30032,"2021/6/7 18:02","GPS",NA,1205165,13210243.8974211,4764781.58933957
118.75871,39.21054,"2021/6/6 4:01","GPS",NA,1192339,13220159.124466,4751874.64823755
118.67206,39.27712,"2021/4/21 18:26","GPS",NA,1202599,13210513.2905888,4761444.72967104
118.67116,39.27697,"2021/4/21 2:01","GPS",NA,1200033,13210413.1030471,4761423.15874341
118.72219,39.2334,"2021/4/20 6:00","GPS",NA,1194903,13216093.7366623,4755159.47689859
118.97449,37.67597,"2021/6/30 20:01","GPS",NA,966540,13244179.6441894,4533751.82868563
118.97379,37.70528,"2021/6/30 14:01","GPS",NA,971672,13244101.7205459,4537875.01472767
118.99667,37.70322,"2021/6/30 8:00","GPS",NA,971673,13246648.7104952,4537585.17084699
119.0013,37.69632,"2021/6/29 22:00","GPS",NA,971674,13247164.1197376,4536614.39321917
119.03429,37.71658,"2021/6/29 18:00","GPS",NA,974241,13250836.5497389,4539465.07836201
119.03346,37.69926,"2021/6/26 18:00","GPS",NA,971675,13250744.1545615,4537028.01785642
118.97983,37.87138,"2021/6/23 18:00","GPS",NA,994767,13244774.0902703,4561272.02033495
118.97662,37.87652,"2021/6/23 16:00","GPS",NA,997332,13244416.7547048,4561996.88579056
119.00666,37.9203,"2021/6/23 14:00","GPS",NA,1002466,13247760.7922082,4568172.98588124
119.00082,37.93249,"2021/6/23 10:00","GPS",NA,1005032,13247110.686382,4569893.29883352
118.9948,37.92949,"2021/6/23 8:01","GPS",NA,1005031,13246440.5430474,4569469.89757108
119.00869,37.90675,"2021/6/22 18:00","GPS",NA,999900,13247986.7707745,4566261.07761138
118.96023,37.93933,"2021/6/22 6:00","GPS",NA,1005030,13242592.2282507,4570858.71832501
118.76432,37.95573,"2021/6/18 8:00","GPS",NA,1007587,13220783.6268094,4573173.83286122
118.23978,38.06609,"2021/6/18 4:00","GPS",NA,1022960,13162392.1011087,4588766.32486735
117.64237,38.44086,"2021/6/17 22:00","GPS",NA,1079385,13095888.7241139,4641893.11438514
117.45776,38.68875,"2021/6/14 8:00","GPS",NA,1115301,13075338.0329185,4677185.23870721
117.44997,38.68803,"2021/6/14 0:00","GPS",NA,1115300,13074470.8540853,4677082.55559176
117.46512,38.6767,"2021/6/12 2:00","GPS",NA,1112735,13076157.3443708,4675466.8587222
117.42781,38.7084,"2021/6/8 8:00","GPS",NA,1117865,13072004.0141693,4679988.0311333
117.48202,38.75555,"2021/6/8 6:00","GPS",NA,1125566,13078038.6437652,4686716.45026634
117.56344,38.87852,"2021/6/8 4:00","GPS",NA,1143532,13087102.2767056,4704285.51291489
117.58731,38.93399,"2021/6/8 2:00","GPS",NA,1151231,13089759.4729508,4712220.61230947
117.58182,38.95528,"2021/6/7 18:01","GPS",NA,1153796,13089148.3289463,4715267.8391558
117.57632,38.94315,"2021/6/7 16:01","GPS",NA,1151230,13088536.071747,4713531.56628097
117.57639,38.90193,"2021/5/30 8:01","GPS",NA,1146098,13088543.8641113,4707633.60620509
117.55904,38.87755,"2021/5/30 2:00","GPS",NA,1143531,13086612.4709461,4704146.80752094
117.57339,38.92159,"2021/5/29 18:00","GPS",NA,1148664,13088209.905639,4710446.22817607
117.61357,38.95733,"2021/5/29 16:00","GPS",NA,1153798,13092682.722779,4715561.30292034
117.60754,38.95679,"2021/5/29 0:01","GPS",NA,1153797,13092011.4662496,4715483.99944657
117.59952,38.96558,"2021/5/28 20:01","GPS",NA,1156363,13091118.6839334,4716742.40147292
117.58522,39.02246,"2021/5/21 20:00","GPS",NA,1164060,13089526.815215,4724889.28568402
117.63127,38.96073,"2021/5/20 0:00","GPS",NA,1153799,13094653.0777661,4716048.04202778
117.63515,38.96449,"2021/5/19 10:00","GPS",NA,1156365,13095084.9973904,4716586.34541532
117.56281,39.06857,"2021/5/18 22:00","GPS",NA,1171757,13087032.1454264,4731498.40156425
117.56316,39.0691,"2021/5/18 20:00","GPS",NA,1171758,13087071.1072481,4731574.39350195
117.56342,39.06799,"2021/5/18 14:00","GPS",NA,1169192,13087100.0503158,4731415.24122974
117.60785,39.05104,"2021/5/17 6:00","GPS",NA,1169193,13092045.9752917,4728985.25385378
117.60841,39.0516,"2021/5/17 4:00","GPS",NA,1169194,13092108.3142065,4729065.52730539
117.61259,39.09057,"2021/5/15 2:00","GPS",NA,1174326,13092573.6296781,4734653.26382317
117.59711,39.09284,"2021/5/15 0:00","GPS",NA,1174325,13090850.4039606,4734978.84424851
117.67748,38.90687,"2021/5/14 20:00","GPS",NA,1146103,13099797.1514356,4708340.26499876
117.64113,38.9196,"2021/5/14 18:01","GPS",NA,1148667,13095750.6879453,4710161.49702048
117.6358,38.99238,"2021/5/14 14:00","GPS",NA,1158931,13095157.3550594,4720580.13173029
117.56032,39.06741,"2021/5/3 8:00","GPS",NA,1169191,13086754.9598943,4731332.08157858
117.58555,39.02165,"2021/4/11 6:00","GPS",NA,1164061,13089563.550647,4724773.22394766
117.53996,39.05424,"2021/4/9 20:00","GPS",NA,1169190,13084488.4950617,4729443.96786533
117.4594,38.98111,"2021/4/3 6:00","GPS",NA,1158923,13075520.5968834,4718966.10325081
117.7622,39.12172,"2021/4/1 18:00","GPS",NA,1179464,13109228.1386956,4739121.94570692
117.80085,39.16979,"2021/4/1 10:00","GPS",NA,1184598,13113530.6370148,4746021.79731623
118.57088,38.96288,"2021/6/16 2:00","GPS",NA,1153840,13199249.9845103,4716355.8449887
118.63542,39.05175,"2021/6/8 12:00","GPS",NA,1169239,13206434.5444461,4729087.02923087
118.54543,38.96386,"2021/6/8 10:00","GPS",NA,1156405,13196416.9034697,4716496.14897237
118.95329,37.72111,"2021/6/5 18:00","GPS",NA,974237,13241819.6709846,4540102.57904796
119.02253,37.72367,"2021/6/5 0:00","GPS",NA,974240,13249527.4325271,4540462.86157727
119.03799,37.74429,"2021/6/4 18:00","GPS",NA,976807,13251248.4318548,4543365.27899383
118.96367,37.71722,"2021/6/4 6:00","GPS",NA,974238,13242975.167299,4539555.14231948
119.03736,37.75131,"2021/6/3 10:00","GPS",NA,979373,13251178.3005756,4544353.5803709
119.05646,37.73452,"2021/5/26 12:00","GPS",NA,976808,13253304.5028497,4541989.97851537
119.07122,37.75611,"2021/5/16 22:00","GPS",NA,979375,13254947.5785339,4545029.39597007
119.05237,37.72665,"2021/5/8 14:00","GPS",NA,974242,13252849.2061324,4540882.26864368
119.07621,37.73016,"2021/4/19 10:00","GPS",NA,974243,13255503.0627929,4541376.2898874
119.04874,37.75294,"2021/4/17 20:00","GPS",NA,979374,13252445.1163808,4544583.07116854
119.07659,37.73085,"2021/4/17 16:00","GPS",NA,976809,13255545.3641994,4541473.40792862
119.04521,37.65646,"2021/4/17 2:00","GPS",NA,963978,13252052.1585783,4531008.16115195
119.04432,37.65374,"2021/4/17 0:00","GPS",NA,963977,13251953.0842315,4530625.7081354
118.86536,39.20697,"2021/4/15 20:00","GPS",NA,1189777,13232031.3481591,4751361.75973314
118.49916,38.99334,"2021/4/15 0:00","GPS",NA,1158969,13191266.1506307,4720717.62961897
118.39882,38.05325,"2021/4/6 20:00","GPS",NA,1022967,13180096.3529245,4586950.98543893
118.38148,38.07869,"2021/4/6 14:00","GPS",NA,1025532,13178166.0729541,4590548.04246414
121.43525,40.90702,"2021/6/30 8:00","GPS",NA,1443926,13518110.1943539,4998636.79341488
121.45407,40.92946,"2021/6/18 23:00","GPS",NA,1449059,13520205.2271706,5001942.59101633
118.18726,39.12431,"2020/6/19 4:00","GPS",NA,1179483,13156545.6014522,4739493.58798463
118.52091,37.9655,"2020/5/1 22:01","GPS",NA,1010142,13193687.3495554,4574553.26568975
118.47442,39.16935,"2020/5/27 18:00","GPS",NA,1184628,13188512.1064284,4745958.61940292
118.5038,39.17548,"2020/5/18 22:00","GPS",NA,1187195,13191782.6730679,4746838.83821422
118.50851,39.17317,"2020/5/14 6:00","GPS",NA,1187196,13192306.9878696,4746507.13174081
118.51092,39.17104,"2020/5/12 10:00","GPS",NA,1184630,13192575.2678424,4746201.28218107
118.48586,39.17133,"2020/5/1 22:00","GPS",NA,1184629,13189785.6014031,4746242.92312565
118.48074,39.17284,"2020/4/30 14:01","GPS",NA,1187194,13189215.6456102,4746459.74599129
118.45955,39.16602,"2020/4/19 2:01","GPS",NA,1184627,13186856.7856003,4745480.49028299
118.39489,39.07236,"2020/5/15 4:00","GPS",NA,1171795,13179658.8673256,4732041.82815969
118.32575,39.0867,"2020/4/25 6:00","GPS",NA,1174357,13171962.2377322,4734098.22355848
118.35067,39.07314,"2020/4/17 14:01","GPS",NA,1171793,13174736.3194428,4732153.67155505
117.50727,38.56886,"2020/5/24 16:00","GPS",NA,1097341,13080849.4609077,4660101.28525364
117.53702,38.56238,"2020/5/23 12:22","GPS",NA,1097342,13084161.2157588,4659178.71816989
117.66102,38.40867,"2020/4/29 20:00","GPS",NA,1074254,13097964.8326172,4637319.12842616
117.66719,38.39971,"2020/4/28 14:00","GPS",NA,1071688,13098651.6738754,4636046.33426325
117.64368,38.40371,"2020/4/28 8:00","GPS",NA,1074253,13096034.5526468,4636614.52644693
117.99225,37.97102,"2020/4/25 20:01","GPS",NA,1010119,13134837.1875526,4575332.7193247
117.98918,37.97385,"2020/4/25 8:00","GPS",NA,1010118,13134495.4367159,4575732.35324411
117.96821,37.95571,"2020/4/25 2:01","GPS",NA,1007552,13132161.066994,4573171.00923606
117.96468,37.9557,"2020/4/19 2:01","GPS",NA,1007551,13131768.1091915,4573169.59742377
118.01418,37.92382,"2020/4/15 20:01","GPS",NA,1002422,13137278.4239857,4568669.71636531
118.0116,37.92305,"2020/4/13 14:01","GPS",NA,1002421,13136991.2196995,4568561.05454027
118.12144,39.28226,"2020/4/12 20:00","GPS",NA,1202574,13149218.5525682,4762183.92136673
117.94914,39.27972,"2020/4/10 8:00","GPS",NA,1202567,13130038.2043045,4761818.63308858
118.1179,39.27693,"2020/4/9 20:00","GPS",NA,1200008,13148824.4815708,4761417.40650384
117.84229,38.25201,"2020/4/4 20:00","GPS",NA,1051168,13118143.7167133,4615087.79867742
117.92001,38.23832,"2020/4/4 2:01","GPS",NA,1048605,13126795.4675377,4613147.35602617
118.14763,39.28412,"2020/4/3 14:00","GPS",NA,1202576,13152134.0100321,4762451.42433413
118.12449,39.27696,"2020/4/1 8:00","GPS",NA,1200009,13149558.0770151,4761421.72068321
117.61473,39.13921,"2020/4/29 22:00","GPS",NA,1182024,13092811.8533884,4741631.87275098
117.53799,39.30089,"2020/4/26 2:01","GPS",NA,1205114,13084269.1956649,4764863.58644615
119.2814,39.40657,"2020/4/14 20:01","GPS",NA,1220588,13278344.7091088,4780077.69568726
118.31416,39.12032,"2020/6/27 14:00","GPS",NA,1176923,13170672.0448339,4738921.06367815
118.17049,39.21965,"2020/4/14 2:00","GPS",NA,1192313,13154678.7735916,4753183.56592803
117.91446,38.07404,"2020/4/11 2:00","GPS",NA,1025511,13126177.6443638,4589890.46809269
117.90084,38.04278,"2020/4/10 20:00","GPS",NA,1020379,13124661.4728992,4585470.95603889
117.89731,38.02185,"2020/4/10 14:00","GPS",NA,1017812,13124268.5150967,4582512.94505224
117.9119,38.06655,"2020/4/10 2:01","GPS",NA,1022945,13125892.6664674,4588831.36630277
117.84883,38.04098,"2020/4/9 20:00","GPS",NA,1020376,13118871.7461831,4585216.5310442
117.86552,38.04628,"2020/4/9 14:01","GPS",NA,1020377,13120729.6684844,4585965.68921134
117.88932,38.05663,"2020/4/9 2:00","GPS",NA,1022944,13123379.0723653,4587428.8242774
117.85106,38.02574,"2020/4/8 14:00","GPS",NA,1017810,13119119.9886475,4583062.64999724
117.91177,38.02087,"2020/4/7 14:00","GPS",NA,1017813,13125878.1949336,4582374.46357551
117.89719,38.04215,"2020/4/7 2:01","GPS",NA,1020378,13124255.1567578,4585381.90657933
118.38465,39.20336,"2020/4/6 20:00","GPS",NA,1189756,13178518.9557399,4750843.15108803
118.12008,39.2056,"2020/5/29 20:01","GPS",NA,1189744,13149067.1580607,4751164.9438957
118.05447,39.24953,"2020/5/28 17:01","GPS",NA,1197439,13141763.4862698,4757477.89368971
118.169,39.16741,"2020/5/28 14:00","GPS",NA,1184614,13154512.9075503,4745680.06695291
117.63187,39.16136,"2020/4/13 14:00","GPS",NA,1184591,13094719.8694606,4744811.43468131
118.2728,39.06351,"2020/6/30 12:00","GPS",NA,1169223,13166067.8706947,4730772.92235831
118.32386,39.04764,"2020/6/30 6:00","GPS",NA,1166659,13171751.8438946,4728497.89298902
118.2141,39.16014,"2020/6/26 12:00","GPS",NA,1184616,13159533.4165851,4744636.28152239
118.20577,39.14144,"2020/6/24 8:00","GPS",NA,1182050,13158606.1252268,4741951.93684933
118.19752,39.13741,"2020/6/23 14:00","GPS",NA,1179484,13157687.7394278,4741373.53244227
118.208,39.17326,"2020/5/28 10:01","GPS",NA,1187182,13158854.3676913,4746520.05516564
118.1914,39.17178,"2020/5/28 8:00","GPS",NA,1184615,13157006.4641441,4746307.53872444
117.82441,38.88553,"2020/5/26 22:00","GPS",NA,1143543,13116153.3242179,4705287.9659166
117.62278,38.94271,"2020/5/26 14:00","GPS",NA,1151232,13093707.9752892,4713468.59082064
117.71511,38.89636,"2020/5/25 22:00","GPS",NA,1146104,13103986.1038742,4706836.88592609
117.8179,38.87242,"2020/5/25 18:00","GPS",NA,1140977,13115428.6343328,4703413.27336221
117.66724,38.86629,"2020/5/23 18:00","GPS",NA,1140970,13098657.2398499,4702536.81951393
117.68653,38.86655,"2020/5/23 16:00","GPS",NA,1140971,13100804.5928273,4702573.99220434
118.23599,39.12642,"2020/4/29 20:00","GPS",NA,1179485,13161970.2002386,4739796.36457414
118.93631,38.04732,"2020/6/5 8:00","GPS",NA,1020425,13239929.4660309,4586112.70019763
118.90965,37.96233,"2020/5/27 12:00","GPS",NA,1010159,13236961.6884064,4574105.67115912
118.91192,37.98289,"2020/5/27 10:00","GPS",NA,1012726,13237214.3836505,4577009.02559962
118.94109,37.94353,"2020/5/25 12:00","GPS",NA,1007595,13240461.5731969,4571451.56429058
118.99634,37.84147,"2020/5/15 8:00","GPS",NA,992201,13246611.9750633,4557054.98318823
118.99826,37.91705,"2020/5/3 18:00","GPS",NA,1002465,13246825.7084856,4567714.37799147
118.89484,37.99604,"2020/4/30 8:01","GPS",NA,1012725,13235313.0467477,4578866.41278535
119.48583,37.11225,"2020/4/27 14:01","GPS",NA,887017,13301101.7526117,4454764.56040447
118.24132,39.09923,"2020/5/9 12:01","GPS",NA,1174354,13162563.5331245,4735895.40225302
118.87204,39.16409,"2020/5/26 10:58","GPS",NA,1184646,13232774.9623576,4745203.38677039
117.52568,38.69613,"2020/6/22 8:00","GPS",NA,1115304,13082898.8527332,4678237.80022672
117.70706,38.86714,"2020/6/21 22:00","GPS",NA,1140972,13103089.9819733,4702658.34612149
117.69138,38.87827,"2020/6/21 2:00","GPS",NA,1143537,13101344.4923577,4704249.76392091
117.69903,38.88198,"2020/6/21 0:00","GPS",NA,1143538,13102196.0864622,4704780.29190755
118.53677,39.20819,"2020/6/17 18:00","GPS",NA,1192329,13195452.8766794,4751537.02962294
118.05431,39.23467,"2020/6/11 8:00","GPS",NA,1194873,13141745.6751513,4755341.99875183
117.97791,39.24107,"2020/6/11 6:00","GPS",NA,1194870,13133240.8660547,4756261.84419577
117.94134,39.23009,"2020/6/10 16:00","GPS",NA,1194868,13129169.9122763,4754683.78586067
118.04323,39.29313,"2020/6/9 18:01","GPS",NA,1202571,13140512.2551933,4763747.33228328
118.03256,39.26655,"2020/6/9 16:00","GPS",NA,1200004,13139324.4762265,4759924.81132244
118.42199,39.15779,"2020/6/7 20:00","GPS",NA,1184626,13182675.6255261,4744298.90489932
118.76846,39.22982,"2020/6/7 10:00","GPS",NA,1194905,13221244.4895013,4754644.98425823
118.79052,39.20811,"2020/6/7 8:00","GPS",NA,1192340,13223700.1974682,4751525.53642214
118.14202,37.89071,"2020/6/30 12:00","GPS",NA,999861,13151509.5076887,4563998.28474852
118.1528,37.89423,"2020/6/30 8:00","GPS",NA,999862,13152709.5317995,4564494.81551504
118.13724,38.01434,"2020/6/30 6:00","GPS",NA,1017823,13150977.4005228,4581451.77203412
118.13784,38.01365,"2020/6/30 0:00","GPS",NA,1015257,13151044.1922172,4581354.2795677
118.11685,37.98874,"2020/6/29 8:00","GPS",NA,1012690,13148707.5961055,4577835.2746069
118.11748,38.01562,"2020/6/26 22:00","GPS",NA,1017822,13148777.7273847,4581632.63005443
118.11774,38.00373,"2020/6/26 20:01","GPS",NA,1015256,13148806.6704523,4579952.75017264
118.13771,37.94719,"2020/6/25 8:00","GPS",NA,1007559,13151029.7206834,4571968.21483335
118.20425,39.08523,"2020/6/14 4:00","GPS",NA,1171786,13158436.9196008,4733887.40229128
118.19125,39.09541,"2020/6/13 12:00","GPS",NA,1174351,13156989.7662205,4735347.46557345
118.1692,39.15168,"2020/6/11 16:00","GPS",NA,1182048,13154535.1714485,4743421.77841266
118.18565,39.10674,"2020/6/10 20:00","GPS",NA,1176917,13156366.3770721,4736972.71511477
118.34467,39.20338,"2020/6/7 16:00","GPS",NA,1189754,13174068.402498,4750846.0241927
118.19336,39.11113,"2020/5/13 10:00","GPS",NA,1176918,13157224.6503461,4737602.51573981
118.72922,39.18763,"2020/5/10 20:00","GPS",NA,1187205,13216876.3126826,4748583.70753854
118.37876,39.00206,"2020/5/10 6:01","GPS",NA,1161530,13177863.2839391,4721966.65420029
118.032,39.25005,"2020/4/18 20:00","GPS",NA,1197438,13139262.1373117,4757552.64383398
118.00822,39.25998,"2020/4/18 8:00","GPS",NA,1200003,13136614.9598206,4758980.19046223
118.59032,37.97387,"2020/4/12 14:00","GPS",NA,1010145,13201414.0354114,4575735.17756691
118.59505,37.92794,"2020/4/10 20:00","GPS",NA,1005013,13201940.5766028,4569251.14702124
118.59424,37.92463,"2020/4/10 2:00","GPS",NA,1002447,13201850.4078153,4568784.02418847
118.5604,38.06022,"2020/4/8 20:00","GPS",NA,1022974,13198083.3562468,4587936.37549599
118.56437,38.0493,"2020/4/8 2:01","GPS",NA,1020408,13198525.2946253,4586392.59227135
118.55328,38.06907,"2020/4/7 2:01","GPS",NA,1025540,13197290.7614724,4589187.68751043
118.34755,39.10033,"2020/4/6 14:01","GPS",NA,1174358,13174389.0026315,4736053.19057168
118.69646,37.59892,"2020/4/2 20:00","GPS",NA,956264,13213229.4861642,4522920.5763989
118.69868,37.61256,"2020/4/2 8:00","GPS",NA,958830,13213476.6154337,4524837.19242023
118.89719,37.30899,"2020/6/30 22:00","GPS",NA,915217,13235574.6475511,4482263.96925704
118.85732,37.30462,"2020/6/27 20:00","GPS",NA,915215,13231136.3394532,4481652.3709967
118.82248,37.30573,"2020/6/27 18:00","GPS",NA,915214,13227257.9683939,4481807.71638638
118.87175,37.32528,"2020/6/27 14:00","GPS",NA,917782,13232742.6797053,4484544.13053522
118.89803,37.39571,"2020/6/27 8:00","GPS",NA,928047,13235668.1559234,4494408.12801402
118.88195,37.35506,"2020/6/27 4:00","GPS",NA,920348,13233878.1385114,4488713.80674764
118.90598,37.37288,"2020/6/26 18:00","GPS",NA,922915,13236553.1458752,4491209.682831
118.8718,37.35685,"2020/6/26 2:00","GPS",NA,922914,13232748.2456799,4488964.48806327
118.90742,37.37466,"2020/6/25 14:00","GPS",NA,925481,13236713.4459419,4491459.0228842
118.91245,37.37573,"2020/6/17 16:00","GPS",NA,925482,13237273.3829806,4491608.90992096
118.89107,37.35547,"2020/6/9 20:00","GPS",NA,920349,13234893.3722674,4488771.22484518
118.94366,37.36628,"2020/5/28 14:00","GPS",NA,922917,13240747.6642883,4490285.21516853
118.93755,37.35528,"2020/5/28 12:00","GPS",NA,920351,13240067.5021995,4488744.61641952
118.92159,37.33797,"2020/5/28 4:00","GPS",NA,917784,13238290.8431265,4486320.73130686
118.88537,37.3787,"2020/5/22 20:00","GPS",NA,925480,13234258.8511699,4492024.96271396
118.94424,37.25042,"2020/5/21 14:00","GPS",NA,907521,13240812.2295929,4474069.82466016
118.91636,37.17599,"2020/5/21 12:00","GPS",NA,894690,13237708.6421896,4463665.99590084
118.84596,37.29953,"2020/5/20 10:00","GPS",NA,912649,13229871.7500378,4480940.05078077
118.76347,37.31352,"2020/5/18 6:00","GPS",NA,915211,13220689.0052422,4482897.99765546
118.82645,37.32838,"2020/5/17 16:00","GPS",NA,917780,13227699.9067724,4484978.10302445
118.88702,37.30892,"2020/5/17 10:00","GPS",NA,915216,13234442.5283297,4482254.17220844
118.95222,37.3364,"2020/5/17 0:00","GPS",NA,917785,13241700.5591295,4486100.9149428
118.98337,37.18365,"2020/5/16 22:00","GPS",NA,897259,13245168.1612677,4464736.23749827
118.97655,37.19194,"2020/5/16 20:00","GPS",NA,897258,13244408.9623405,4465894.62388364
118.9446,37.18464,"2020/5/16 6:00","GPS",NA,897257,13240852.3046096,4464874.56646039
118.96184,37.16769,"2020/5/14 8:00","GPS",NA,894692,13242771.4526309,4462506.45712192
118.92696,37.21293,"2020/5/12 14:00","GPS",NA,899822,13238888.628792,4468828.18791709
118.90976,37.19322,"2020/5/11 10:00","GPS",NA,897255,13236973.9335504,4466073.49342906
117.59338,38.86402,"2020/5/25 2:01","GPS",NA,1140967,13090435.1822599,4702212.27910686
117.71066,38.7272,"2020/5/24 10:03","GPS",NA,1120444,13103490.7321402,4682670.30432922
117.71245,38.71589,"2020/5/24 8:00","GPS",NA,1117878,13103689.9940287,4681056.57563839
118.05369,39.22123,"2020/5/6 0:00","GPS",NA,1192307,13141676.657067,4753410.59637805
117.64668,38.91,"2020/5/5 22:00","GPS",NA,1146101,13096368.5111192,4708788.03174848
117.63183,38.8912,"2020/5/5 16:00","GPS",NA,1143535,13094715.4166809,4706098.86688196
118.32663,39.24328,"2020/4/12 22:00","GPS",NA,1197452,13172060.1988841,4756579.49781821
118.32626,39.24414,"2020/4/12 4:00","GPS",NA,1197451,13172019.0106725,4756703.11234016
117.90342,38.35098,"2020/4/1 20:00","GPS",NA,1066567,13124948.6771855,4629126.85557951
117.89861,38.35025,"2020/4/1 18:00","GPS",NA,1066566,13124413.2304348,4629023.23371059
117.8936,38.34846,"2020/4/1 16:01","GPS",NA,1064000,13123855.5197859,4628769.15163081
117.91081,38.34943,"2020/6/30 16:00","GPS",NA,1064001,13125771.3282224,4628906.8377884
117.65614,38.8917,"2020/5/13 18:36","GPS",NA,1143536,13097421.5935021,4706170.37800923
117.55447,38.59606,"2020/5/13 14:00","GPS",NA,1102475,13086103.7408732,4663974.69700024
118.13093,39.17111,"2020/6/29 20:00","GPS",NA,1184613,13150274.9745358,4746211.33342784
117.98318,39.25304,"2020/6/29 8:00","GPS",NA,1197436,13133827.5197711,4757982.46792064
117.96597,39.2362,"2020/6/29 2:00","GPS",NA,1194869,13131911.7113346,4755561.89167119
118.19415,39.2235,"2020/5/25 8:01","GPS",NA,1192314,13157312.5927438,4753736.78198195
117.48483,38.53546,"2020/5/13 15:56","GPS",NA,1092208,13078351.4515343,4655346.96859817
118.77378,39.1974,"2020/6/21 4:00","GPS",NA,1189773,13221836.7091923,4749987.00233893
118.95578,39.17398,"2020/6/9 22:01","GPS",NA,1187216,13242096.8565167,4746623.44315972
117.87617,39.25468,"2020/6/17 12:00","GPS",NA,1197431,13121915.2210614,4758218.23205943
118.44949,39.27646,"2020/5/30 22:00","GPS",NA,1200023,13185736.911523,4761349.81793491
118.91071,37.9624,"2020/5/25 16:00","GPS",NA,1010160,13237079.6870666,4574115.55474139
119.11379,37.23645,"2020/5/16 4:01","GPS",NA,904963,13259686.4492569,4472116.3147267
118.68428,37.93419,"2020/6/29 20:00","GPS",NA,1005017,13211873.6147663,4570133.23388529
118.69163,37.99879,"2020/6/9 2:00","GPS",NA,1015282,13212691.8130236,4579254.8818618
118.74557,37.98008,"2020/5/31 18:00","GPS",NA,1012718,13218696.386357,4576612.16701712
118.7304,37.95904,"2020/5/29 16:00","GPS",NA,1007585,13217007.6696817,4573641.15341901
118.62977,37.92776,"2020/5/15 22:00","GPS",NA,1005015,13205805.5893232,4569225.74403045
118.53465,37.96146,"2020/5/13 16:00","GPS",NA,1010143,13195216.8793589,4573982.83313707
118.59992,37.98308,"2020/5/13 8:00","GPS",NA,1012712,13202482.702523,4577035.86000246
118.64202,37.98143,"2020/5/9 8:00","GPS",NA,1012714,13207169.2530854,4576802.82671706
118.4329,39.09196,"2020/4/13 4:00","GPS",NA,1174362,13183890.1211707,4734852.62680452
118.53627,39.00963,"2020/4/11 2:00","GPS",NA,1161537,13195397.216934,4723051.08133871
118.57968,39.14964,"2020/4/11 0:00","GPS",NA,1182067,13200229.5960293,4743128.94135589
118.62541,39.15629,"2020/4/10 14:00","GPS",NA,1184635,13205320.2363433,4744083.56401059
118.75813,39.04512,"2020/4/10 2:01","GPS",NA,1166679,13220094.5591614,4728136.68772055
118.70477,37.34178,"2020/4/4 20:00","GPS",NA,920340,13214154.5511327,4486854.19012444
118.71734,37.35085,"2020/4/4 8:01","GPS",NA,920341,13215553.8371319,4488124.23905995
119.18483,37.1654,"2020/4/4 2:00","GPS",NA,894702,13267594.5858829,4462186.55859791
118.94546,37.51967,"2020/4/2 20:01","GPS",NA,946011,13240948.0393717,4511791.75567259
119.16684,37.47843,"2020/4/2 14:01","GPS",NA,938323,13265591.9482435,4506005.23234627
119.13607,37.20676,"2020/4/2 8:00","GPS",NA,899832,13262166.6475118,4467965.78357298
119.7811,39.97573,"2020-05-27 0:00:00","zggn",NA,1305288,13333971.0586582,4862416.05577537
117.60426,38.89057,"2020-05-23 8:00:00","zggn",NA,1143533,13091646.3383198,4706008.76357832
121.57666,40.92999,"2020-05-06 9:00:00","zggn",NA,1449064,13533851.883547,5002020.68269225
117.74154,39.09685,"2020-05-05 9:00:00","zggn",NA,1174331,13106928.2780159,4735554.0141342
117.75119,38.99622,"2020-05-04 9:50:00","zggn",NA,1158936,13108002.511102,4721130.13447628
117.81571,39.01166,"2020-05-03 12:30:00","zggn",NA,1161505,13115184.844648,4723341.9051801
118.28829,39.38247,"2020-05-03 6:00:00","zggn",NA,1217978,13167792.2096071,4776606.1381843
117.81597,39.1335,"2020-05-01 12:30:00","zggn",NA,1179467,13115213.7877156,4740812.38263674
117.74252,39.10967,"2020-05-01 10:00:00","zggn",NA,1176897,13107037.3711168,4737393.05605285
117.3613,38.74332,"2020-05-01 9:00:00","zggn",NA,1122995,13064600.1548366,4684970.7730115
118.01305,38.20735,"2020-04-25 9:00:00","zggn",NA,1043478,13137152.6329611,4608758.96596616
117.68245,38.02334,"2020-04-05 15:00:00","zggn",NA,1017803,13100350.4093049,4582723.49696849
117.87659,39.22894,"2019-06-21 7:00:00","zggn",NA,1194865,13121961.9752475,4754518.52081237
118.46761,39.2842,"2019-06-19 6:30:00","zggn",NA,1202590,13187754.0206961,4762462.92999744
119.52998,39.84816,"2019-06-08 8:00:00","zggn",NA,1284749,13306016.5081302,4843901.77543722
117.72395,38.15478,"2019-05-14 6:00:00","zggn",NA,1035767,13104970.1681728,4601314.16912826
119.7888,39.96364,"2019-04-30 16:00:00","zggn",NA,1302723,13334828.2187373,4860659.94931958
137.87135,34.71703,"2019-04-25 10:00:00","zggn",NA,549124,15347768.4769812,4125492.83362527
121.52926,40.8922,"2019-04-17 10:00:00","zggn",NA,1443930,13528575.3396834,4996454.1678067
117.99401,39.224243,"2021","GBIF",5,1192305,13135033.1098564,4753843.54898863
119.58538,37.003113,"2021","GBIF",5,871626,13312183.6079201,4439540.70818804
118.213104,39.068047,"2021","GBIF",5,1169220,13159422.5423723,4731423.41385303
121.76055,40.96792,"2021","GBIF",6,1454204,13554322.4247089,5007611.02206772
80.26044,41.168667,"2021","GBIF",5,NA,8934551.31164409,5037251.93016041
117.53367,38.636383,"2021","GBIF",5,1107606,13083788.2954647,4669719.58930666
117.95686,39.210403,"2020","GBIF",5,1192303,13130897.5907735,4751854.96548054
117.45427,38.723442,"2021","GBIF",5,1120433,13074949.5278957,4682134.07861132
118.08418,39.27251,"2021","GBIF",4,1200007,13145070.7883413,4760781.80426193
117.30873,38.691616,"2021","GBIF",6,1115294,13058748.0892056,4677593.98479661
121.81654,40.927814,"2021","GBIF",5,1449075,13560555.2029984,5001700.06878596
121.58384,40.90931,"2021","GBIF",5,1446499,13534651.1574908,4998974.09835432
122.16009,40.676544,"2021","GBIF",4,1410600,13598799.0140605,4964748.41060054
121.25589,40.892197,"2021","GBIF",5,1443918,13498143.9304852,4996453.72602916
122.16362,40.65038,"2021","GBIF",4,1405468,13599191.971863,4960908.76508989
121.22203,40.906857,"2021","GBIF",5,1443916,13494374.6525269,4998612.78481865
121.265114,40.8827,"2020","GBIF",5,1441352,13499170.7414683,4995055.30596619
121.89226,41.05169,"2021","GBIF",4,1467040,13568984.3148413,5019968.91925869
117.89151,39.20052,"2021","GBIF",4,1189734,13123622.8620501,4750435.1785308
118.01637,39.230583,"2021","GBIF",4,1194872,13137522.2136706,4754754.6350977
121.22575,40.887115,"2021","GBIF",5,1441351,13494788.7610327,4995705.38362251
121.831215,40.931705,"2021","GBIF",6,1449076,13562188.8165258,5002273.3798611
121.81925,41.263397,"2021","GBIF",5,1497829,13560856.8788185,5051270.63508529
121.56644,40.92217,"2021","GBIF",5,1446498,13532714.198351,5000868.52566931
122.1705,40.6641,"2021","GBIF",4,1408035,13599957.8499596,4962922.02843188
119.78222,39.95664,"2019","GBIF",5,1302722,13334095.7364879,4859643.32160711
121.68231,39.106518,"2019","GBIF",4,1177073,13545612.7877493,4736940.86746913
118.80727,39.225197,"2019","GBIF",4,1194907,13225564.798939,4753980.63775803
118.73891,39.22574,"2019","GBIF",5,1194904,13217954.9985483,4754058.66710354
117.795456,39.14091,"2019","GBIF",5,1182032,13112930.1796815,4741875.8668851
118.327705,39.029476,"2019","GBIF",5,1164094,13172179.8673367,4725894.6365689
118.83852,39.26602,"2019","GBIF",5,1200040,13229043.5330263,4759848.60574747
118.28807,39.04334,"2019","GBIF",5,1166658,13167767.7193191,4727881.55843108
117.840034,39.18672,"2019","GBIF",5,1187166,13117892.579942,4748453.01140388
118.25285,39.084534,"2019","GBIF",5,1171788,13163847.0468534,4733787.58640749
118.22044,39.049823,"2019","GBIF",4,1166655,13160239.1821568,4728810.8046366
