"Lat","Lon","source","grid_id","X","Y"
22.51533,114.04705,"zggn",9463,12695659.532475,2573510.28193257
26.65653,119.54208,"zggn",92734,13307363.4739688,3080624.85847042
35.57313,119.59953,"zggn",282922,13313758.7787148,4242042.57656383
22.50493,113.95817,"zggn",9459,12685765.4561333,2572257.08010885
23.08085,113.4624,"zggn",20480,12630576.5921827,2641799.01007259
22.52806,114.00385,"zggn",9870,12690850.5304727,2575044.37752419
24.66545,118.45731,"zggn",52604,13186607.429941,2834708.30279282
26.44979,119.62489,"zggn",88648,13316581.8410014,3054896.85843225
24.7899,118.68084,"zggn",55068,13211490.675718,2849960.55362795
30.17155,113.80021,"zggn",165281,12668181.4293676,3525620.11085541
28.75362,116.32213,"zggn",135945,12948920.279589,3344324.59937154
29.1898,116.02342,"zggn",144930,12915668.0344941,3399825.57256181
22.6159,113.64651,"zggn",11490,12651071.6236327,2585633.85779679
25.89344,119.58859,"zggn",77194,13312540.9434856,2985889.00590813
31.59207,117.53735,"zggn",195713,13084197.9511908,3709881.78650369
29.18765,116.43563,"zggn",144948,12961555.041794,3399551.42370392
29.88465,115.38393,"zggn",159216,12844480.3333267,3488731.27698788
22.83279,115.25609,"zggn",15652,12830249.2496237,2611809.90235837
24.55872,118.27623,"zggn",50142,13166449.6965481,2821639.88273511
22.90312,115.22674,"zggn",17286,12826982.0225689,2620306.83730088
22.14761,113.085,"zggn",2058,12588564.6163573,2529256.82706154
26.03431,119.61996,"zggn",80059,13316033.0359118,3003331.00479967
24.81725,118.65274,"zggn",55476,13208362.5980267,2853314.54287394
28.9513,116.36497,"zggn",140037,12953689.2065746,3369449.07514322
30.10802,114.46884,"zggn",164083,12742612.9804967,3517442.377806
31.66085,117.64613,"zggn",196945,13096307.2853993,3718873.7906505
31.62645,117.46283,"zggn",196528,13075902.4227369,3714375.65027044
30.29411,113.25584,"zggn",167710,12607582.4381645,3541411.23977185
22.52482,113.96969,"zggn",9868,12687047.8566672,2574653.91087738
22.49806,114.04584,"zggn",9054,12695524.8358912,2571429.29559655
23.08672,113.47086,"zggn",20889,12631518.3550748,2642509.32894455
29.68973,113.55077,"zggn",155045,12640413.8955841,3463729.54992274
29.4421,112.99295,"zggn",150112,12578317.6572298,3432036.69932203
28.92625,116.34907,"zggn",139218,12951919.2266709,3366262.65697404
27.91399,120.87734,"zggn",118561,13456003.9372454,3238134.21776292
30.30375,113.86649,"zggn",168147,12675559.6852174,3542654.1326524
30.66985,114.72697,"zggn",175956,12771347.8806552,3589946.6989615
26.02948,119.64315,"zggn",80060,13318614.5349032,3002732.62606292
34.84238,119.20699,"zggn",266544,13270061.4257989,4142481.79245792
24.78318,118.68046,"zggn",54659,13211448.3743115,2849136.57878384
34.83367,119.20737,"zggn",266135,13270103.7272054,4141300.47192918
30.65311,114.67595,"zggn",175545,12765668.3602349,3587780.34411951
24.48159,117.92693,"zggn",48899,13127565.798414,2812202.72236935
32.76584,120.96967,"zggn",220815,13466282.0658303,3864264.22561872
30.30933,113.85777,"zggn",168146,12674588.9792577,3543373.6223433
30.54053,114.0929,"zggn",173065,12700763.5311279,3573220.88265059
27.60993,120.64906,"zggn",112416,13430591.9238871,3199883.30540391
25.52831,119.45587,"zggn",69827,13297766.6206675,2940776.43578127
23.15661,113.29138,"zggn",22108,12611538.7328673,2650968.98710846
29.69585,115.80827,"zggn",155554,12891717.6460499,3464513.80237267
30.24929,114.66081,"zggn",166955,12763982.9831443,3535634.16488791
29.19196,116.0498,"zggn",144931,12918604.6426612,3400101.00231786
29.49777,112.81883,"zggn",150922,12558934.7074929,3439154.84431625
29.132,115.96338,"zggn",143700,12908984.4122669,3392457.42868989
29.83656,113.36817,"zggn",158308,12620086.9565653,3482558.40794006
23.20884,120.12223,"zggn",23639,13371945.4765525,2657293.91668879
29.11216,115.97578,"zggn",143292,12910364.7739527,3389929.24955077
29.136,116.68641,"zggn",143732,12989471.7436951,3392967.20131593
30.2624,114.33899,"zggn",167350,12728158.1446172,3537323.70572961
26.43804,119.62213,"zggn",88239,13316274.5992068,3053436.00649901
30.1766,114.37572,"zggn",165306,12732246.909514,3526270.38491131
22.47003,113.55666,"zggn",8623,12641069.5673849,2568052.3124377
30.88746,121.98088,"zggn",180778,13578849.4481154,3618142.29057205
22.8636,115.53596,"zggn",16482,12861404.235512,2615531.6781305
26.86602,120.1523,"zggn",96852,13375292.8536406,3106742.66749574
22.50205,114.11679,"zggn",9466,12703422.9537629,2571910.05626865
29.50492,112.81262,"zggn",151331,12558243.4134551,3440069.34965604
29.14131,115.74248,"zggn",143690,12884393.9367507,3393643.95512525
25.52685,119.47883,"zggn",69828,13300322.5161761,2940596.32670736
30.75937,114.15545,"zggn",177567,12707726.565277,3601538.02948619
28.70095,115.99598,"zggn",134703,12912613.4276667,3337638.45302059
33.60852,120.51558,"zggn",239200,13415732.998256,3976356.17908923
25.53146,119.40356,"zggn",69824,13291943.4981041,2941165.03474265
22.47344,114.02052,"zggn",8644,12692706.2263843,2568463.10404578
28.69213,115.99175,"zggn",134294,12912142.5462207,3336519.13506353
34.76446,119.48155,"zggn",264921,13300625.3051911,4131918.09000349
25.02319,121.58054,"zggn",59696,13534283.8031712,2878593.26224125
30.5498,114.06248,"zggn",173472,12697377.192218,3574419.09114966
22.52497,113.13949,"zggn",9831,12594630.4154107,2574671.98783479
25.96932,119.52945,"zggn",78828,13305957.5088001,2995281.59004054
22.49587,113.47617,"zggn",9028,12632109.4615709,2571165.42533241
22.45859,113.55323,"zggn",8214,12640687.7415315,2566674.24670386
29.1455,115.98779,"zggn",143701,12911701.7210371,3394177.99081789
30.58108,114.3162,"zggn",173893,12725621.173422,3578463.08177189
32.56756,121.0495,"zggn",216729,13475168.7007804,3838044.45482567
29.77789,115.73444,"zggn",157187,12883498.9280447,3475031.50453166
23.176832,120.111496,"gbif",22821,13370750.5731383,2653417.53063068
22.524468,113.994926,"gbif",9869,12689857.1153369,2574611.49036107
23.821468,120.246591,"gbif",35506,13385789.279747,2731668.24940928
23.858838,120.280911,"gbif",36325,13389609.7646711,2736216.31514253
24.431031,118.238831,"gbif",47686,13162286.4589119,2806019.76813709
22.8988,120.206,"gbif",17508,13381270.7102962,2619784.78864356
23.020651,120.142538,"gbif",19959,13374206.1527715,2634516.21781932
23.50001,120.142021,"gbif",29366,13374148.6005948,2692599.43319532
22.438,120.508,"gbif",8114,13414889.1965158,2564194.25581862
22.8458,120.2172,"gbif",16281,13382517.4885931,2613381.37700337
24.832075,121.806366,"gbif",56025,13559422.6384991,2855132.87385116
23.079268,120.058293,"gbif",20773,13364828.0422696,2641607.58020674
24.467463,118.311467,"gbif",48508,13170372.2614452,2810474.85538315
22.498443,120.422001,"gbif",9338,13405315.8316271,2571475.44319974
22.937369,120.19146,"gbif",18325,13379652.1249001,2624446.23275739
23.723755,120.181074,"gbif",33867,13378495.9606687,2719782.40126952
23.938879,120.457535,"gbif",37969,13409271.4584129,2745962.01616892
25.147624,121.417603,"gbif",62143,13516145.7392998,2893887.82787109
24.650759,121.827137,"gbif",52345,13561734.8556424,2832908.81954074
23.051929,120.104429,"gbif",20366,13369963.8782969,2638299.78086995
24.013848,120.365698,"gbif",39601,13399048.2103369,2755095.63926163
22.6404,120.4193,"gbif",12200,13405015.1576825,2588588.64070359
23.31404,120.117048,"gbif",25684,13371368.6189512,2670040.90149334
23.438837,120.158766,"gbif",28140,13376012.6454681,2685175.52604607
24.715801,121.812548,"gbif",53571,13560110.8155912,2840877.34603932
25.120264,121.469994,"gbif",61736,13521977.878742,2890523.59169684
32.8568,120.9239,"gbif",222858,13461186.9727367,3876311.94724438
22.519561,113.977485,"gbif",9460,12687915.592098,2574020.1451563
23.55407,120.151408,"gbif",30185,13375193.5566549,2699162.98118547
23.56256,120.16519,"gbif",30594,13376727.761877,2700194.01659077
23.078522,120.18233,"gbif",20779,13378635.7779492,2641517.311279
23.5414,120.150665,"gbif",30184,13375110.8462732,2697624.44559794
24.02748,120.37864,"gbif",39602,13400488.9071868,2756757.02469208
22.709536,121.08962,"gbif",13866,13479634.838751,2596929.5206145
22.45974,114.03684,"gbif",8235,12694522.960474,2566812.77089588
23.372488,120.16281,"gbif",26913,13376462.8214889,2677127.34717447
23.340738,120.16125,"gbif",26095,13376289.1630832,2673277.47597367
24.4304,118.24637,"gbif",47687,13163125.696553,2805942.61764286
23.24809,120.18856,"gbif",24460,13379329.2983768,2662048.62586367
23.358416,120.16768,"gbif",26504,13377004.947409,2675420.92207806
23.035791,120.09876,"gbif",19957,13369332.8081036,2636347.5278217
24.82462,121.7966,"gbif",55616,13558335.492352,2854218.46840524
22.959015,120.18379,"gbif",18734,13378798.3044057,2627062.94704148
22.894787,120.193,"gbif",17098,13379823.5569159,2619299.85417294
23.32689,120.170685,"gbif",25686,13377339.4624789,2671598.61423221
22.443796,120.49099,"gbif",8523,13412995.6519774,2564892.32578145
22.513021,114.06573,"gbif",9464,12697738.980563,2573232.03888576
24.46801,118.30366,"gbif",48507,13169503.1901806,2810541.7550974
23.348492,120.188255,"gbif",26096,13379295.3459321,2674217.60832677
23.414711,120.1714,"gbif",27731,13377419.0559148,2682248.55898814
23.147072,120.10716,"gbif",22412,13370267.8918262,2649814.22429168
23.081715,120.048645,"gbif",21182,13363754.0318225,2641903.68032592
23.097464,120.096115,"gbif",21184,13369038.3680504,2643809.52275394
23.785261,120.229454,"gbif",35096,13383881.5976333,2727262.97403383
23.29662,120.156204,"gbif",25277,13375727.4449327,2667929.44100853
24.050608,120.395096,"gbif",40420,13402320.7807273,2759576.12816692
22.49418,114.03655,"gbif",9053,12694490.6778217,2570961.80227609
22.884901,120.19819,"gbif",17099,13380401.3050731,2618105.28237058
23.016943,120.137375,"gbif",19550,13373631.4102406,2634067.73546507
23.012316,120.16288,"gbif",19551,13376470.6138532,2633508.11741406
23.187746,120.11073,"gbif",23230,13370665.3024084,2654739.1858741
23.28384,120.12036,"gbif",24866,13371737.3091047,2666380.56599785
23.53657,120.18801,"gbif",30186,13379268.0726569,2697037.97105839
23.586557,120.156136,"gbif",31003,13375719.8752073,2703108.60041075
23.26106,120.12633,"gbif",24457,13372401.8864647,2663620.10730721
23.133095,120.09814,"gbif",22002,13369263.7900193,2648122.18150243
23.392954,120.16708,"gbif",27322,13376938.1557146,2679609.45674131
22.751642,120.45022,"gbif",14656,13408457.1563378,2602011.44227909
23.874828,120.288025,"gbif",36735,13390401.6915286,2738162.75733527
23.081696,120.07464,"gbif",21183,13366647.7819856,2641901.3812033
23.04495,120.1105,"gbif",20367,13370639.6989255,2637455.48558757
23.381386,120.20162,"gbif",26915,13380783.1309266,2678206.4465066
23.244242,120.11318,"gbif",24048,13370938.0351608,2661582.42083007
23.252796,120.1441,"gbif",24458,13374380.0338161,2662618.80030409
30.920507,121.97316,"gbif",181596,13577990.0616465,3622429.76155965
24.777422,121.805176,"gbif",54798,13559290.1683051,2848430.59535779
23.517332,120.18021,"gbif",29777,13378399.7806287,2694702.24325227
23.503532,120.12151,"gbif",29365,13371865.3265191,2693026.96518285
23.413721,120.18295,"gbif",27732,13378704.7960335,2682128.46356149
23.601826,120.16197,"gbif",31412,13376369.3131166,2704963.39217226
23.220835,120.20493,"gbif",23643,13381151.5984411,2658746.83173231
23.035835,120.166695,"gbif",19960,13376895.2977106,2636352.8502906
23.489323,120.17014,"gbif",28958,13377278.7933564,2691302.2190996
23.20552,120.10296,"gbif",23638,13369800.3499649,2656891.79901597
23.531618,120.21021,"gbif",29778,13381739.3653525,2696436.70523296
23.29281,120.10045,"gbif",25274,13369520.938043,2667467.67163078
23.319883,120.15067,"gbif",25685,13375111.4028707,2670749.18753323
23.295532,120.14438,"gbif",25276,13374411.2032736,2667797.57480869
23.061407,120.099915,"gbif",20775,13369461.3821154,2639446.46660905
23.11722,120.10627,"gbif",21594,13370168.8174794,2646200.58244291
23.695908,120.19254,"gbif",33049,13379772.3499502,2716396.7136975
23.03494,120.114525,"gbif",19958,13371087.7598759,2636244.58677654
23.500145,120.16618,"gbif",29367,13376837.9681729,2692615.820497
23.364443,120.17398,"gbif",26505,13377706.260201,2676151.75722044
22.471626,120.468544,"gbif",8931,13410496.9746871,2568244.57610736
23.059254,120.14644,"gbif",20368,13374640.5214246,2639185.98110878
23.569275,120.14618,"gbif",30593,13374611.578357,2701009.54113532
23.93702,121.60608,"gbif",38020,13537126.9029661,2745735.59796712
28.559357,121.60605,"gbif",132090,13537123.5633814,3319680.70931822
23.53264,120.1638,"gbif",29776,13376573.0277848,2696560.79337825
23.446762,120.20345,"gbif",28142,13380986.8455947,2686137.10385216
23.279442,120.17434,"gbif",24869,13377746.3352177,2665847.58377465
22.814085,120.21111,"gbif",15872,13381839.5528942,2609550.79332763
23.127281,120.116394,"gbif",22003,13371295.8160042,2647418.39593717
22.53049,114.090675,"gbif",9874,12700515.8452609,2575337.23351964
23.066084,120.14966,"gbif",20777,13374998.970185,2640012.33823054
22.225672,113.556786,"gbif",3715,12641083.5936407,2538641.50414779
23.493502,120.12208,"gbif",28956,13371928.7786289,2691809.46377759
32.8804,120.93544,"gbif",223676,13462471.5996605,3879439.80239566
23.452702,120.179955,"gbif",28550,13378371.3941585,2686857.87002248
22.482761,114.01163,"gbif",9052,12691716.5961111,2569586.02620846
24.803747,121.80181,"gbif",55207,13558915.4668991,2851658.54850777
22.908964,120.24581,"gbif",17510,13385702.3392247,2621013.07958865
23.178823,120.133575,"gbif",22822,13373208.3961755,2653658.62719004
23.093884,120.117966,"gbif",21185,13371470.8102437,2643376.2746232
23.970348,120.3379,"gbif",38782,13395953.7511319,2749795.30013512
23.396057,120.195816,"gbif",27323,13380137.032602,2679985.821009
22.062916,120.70705,"gbif",761,13437047.3411582,2519080.72942865
23.588303,120.147644,"gbif",31002,13374774.5500915,2703320.68368487
23.468002,120.16669,"gbif",28549,13376894.7411132,2688714.53826221
27.881645,120.87222,"gbif",117743,13455433.9814525,3234060.11002863
22.903402,120.18144,"gbif",17507,13378536.7036024,2620340.91605529
23.37862,120.17436,"gbif",26914,13377748.5616075,2677870.99384351
23.26922,120.10154,"gbif",24865,13369642.276288,2664608.87407394
23.107937,120.089806,"gbif",21593,13368336.053383,2645077.02136362
23.360529,120.14344,"gbif",26503,13374306.5629522,2675677.14107147
23.25264,120.16798,"gbif",24459,13377038.3432563,2662599.89917146
23.152403,120.13519,"gbif",22413,13373388.1771532,2650459.63674014
23.943762,120.31861,"gbif",37963,13393806.3981545,2746556.76009542
23.868729,120.28243,"gbif",36734,13389778.8589776,2737420.30553321
23.277393,120.16547,"gbif",24868,13376758.9313344,2665599.27678511
22.70874,121.103714,"gbif",13867,13481203.7756542,2596833.46362902
28.9484,116.35697,"gbif",139628,12952798.6506482,3369080.1489777
23.01492,120.18128,"gbif",19552,13378518.8924838,2633823.05894786
23.813555,120.23807,"gbif",35505,13384840.726366,2730705.37644178
26.8269,120.06137,"gbif",96439,13365170.5723428,3101861.78720775
23.205599,120.129326,"gbif",23640,13372735.3996592,2656901.36736264
25.167297,121.41681,"gbif",62552,13516057.4629436,2896307.32240399
22.514433,114.03191,"gbif",9462,12693974.1553844,2573402.18956022
23.495998,120.175446,"gbif",29368,13377869.4545745,2692112.43452972
23.040167,120.17058,"gbif",20369,13377327.7739323,2636876.88005601
24.953508,118.67512,"gbif",58340,13210853.9282306,2870035.20917533
23.245632,120.13636,"gbif",24049,13373518.4209574,2661750.82494282
35.309902,119.44555,"gbif",276780,13296617.8035225,4206075.7460433
23.044548,120.079666,"gbif",20365,13367207.2737464,2637406.85435063
23.340021,120.150764,"gbif",26094,13375121.8669028,2673190.54620931
23.03609,120.17585,"gbif",19961,13377914.4276488,2636383.69645137
23.27643,120.14985,"gbif",24867,13375020.1208882,2665482.5774552
23.451384,120.19255,"gbif",28141,13379773.4631451,2686697.93964646
23.073122,120.06793,"gbif",20774,13365900.8282024,2640863.90501758
30.241926,119.75857,"gbif",167182,13331463.0305306,3534685.2341204
23.202908,120.104836,"gbif",23229,13370009.1853296,2656575.44116918
23.323431,120.21236,"gbif",25688,13381978.7022577,2671179.28981741
23.116108,120.076096,"gbif",21592,13366809.8631642,2646065.98824433
30.898304,121.942055,"gbif",181185,13574527.4688854,3619549.0126227
23.430092,121.35621,"gbif",27784,13509311.5018016,2684114.52067178
23.229233,120.212036,"gbif",24052,13381942.6347427,2659764.13161755
23.157394,120.091995,"gbif",22411,13368579.7317484,2651063.90941113
24.846117,121.8149,"gbif",56435,13560372.6390335,2856855.36829459
22.656908,120.428696,"gbif",12610,13406061.1156179,2590579.85851221
23.302626,120.12526,"gbif",25275,13372282.7746096,2668657.39092604
22.444395,114.054184,"gbif",8236,12696453.6857223,2564964.47097571
29.1863,116.01849,"gbif",144929,12915119.2294045,3399379.28666035
23.084633,120.238075,"gbif",21190,13384841.2829634,2642256.78101538
31.45817,120.34697,"gbif",192975,13396963.4189134,3692395.28565748
22.45653,120.47035,"gbif",8522,13410698.0176874,2566426.11058966
22.818907,120.22567,"gbif",15873,13383460.3646801,2610133.14394948
23.221363,120.22315,"gbif",23644,13383179.8395633,2658810.7896402
22.85919,115.54756,"gbif",16483,12862695.5416052,2614998.90874604
23.713255,120.18231,"gbif",33458,13378633.5515594,2718505.70779825
23.49202,120.140915,"gbif",28957,13374025.481238,2691629.577608
23.557175,120.17437,"gbif",30595,13377749.6748025,2699540.04824539
23.40659,120.19628,"gbif",27324,13380188.6848457,2681263.43910759
23.827757,120.256775,"gbif",35915,13386922.9574413,2732433.55200454
23.332966,120.213135,"gbif",26097,13382064.9748631,2672335.21630495
23.31923,120.195984,"gbif",25687,13380155.7342765,2670670.02959839
24.426397,118.30398,"gbif",47689,13169538.8124176,2805453.1917229
23.291693,120.18309,"gbif",25278,13378720.3807622,2667332.29450562
22.413616,120.545105,"gbif",7707,13419019.7062217,2561257.76730652
23.277708,120.21412,"gbif",24870,13382174.6245615,2665637.44964627
28.725958,116.062126,"gbif",135115,12919976.7667048,3340812.6513353
22.823421,115.24591,"gbif",15651,12829116.0172074,2610678.31624712
23.175478,120.09528,"gbif",22820,13368945.4162756,2653253.57248818
23.099773,120.14968,"gbif",21186,13375001.1965748,2644088.96182078
23.61153,120.228226,"gbif",31415,13383744.8972986,2706142.29144722
32.248177,119.04495,"gbif",209686,13252023.2155107,3795931.98383151
22.024921,113.1345,"gbif",15,12594074.9311516,2514517.56143828
23.28022,120.22222,"gbif",24871,13383076.3124369,2665941.86629701
23.23063,120.104576,"gbif",24047,13369980.242262,2659933.36477704
30.319757,113.86877,"gbif",168556,12675813.4936564,3544718.19791259
22.470804,114.042786,"gbif",8645,12695184.8661663,2568145.55281288
23.360817,120.20928,"gbif",26506,13381635.838226,2675712.06380592
27.589981,120.61004,"gbif",112005,13426248.2373564,3197377.4346429
23.186592,120.13813,"gbif",23231,13373715.4564561,2654599.43456527
27.54183,120.64153,"gbif",110779,13429753.6881214,3191330.87926075
32.20151,119.024178,"gbif",208867,13249710.887048,3789791.10901163
32.194475,118.983202,"gbif",208456,13245149.4595932,3788865.65206922
22.456877,113.54629,"gbif",8213,12639915.1842654,2566467.90801665
23.515888,120.12088,"gbif",29774,13371795.1952399,2694526.93781619
24.711357,121.827255,"gbif",53572,13561747.9913423,2840332.76341975
23.081861,113.45822,"gbif",20888,12630111.2767112,2641921.34727904
24.043911,120.387665,"gbif",40011,13401493.5655912,2758759.76948639
23.856846,120.30544,"gbif",36326,13392340.3204607,2735973.84836981
22.5948,113.63314,"gbif",11080,12649583.2820408,2583089.54823505
24.496424,118.39725,"gbif",48920,13179921.5813239,2814017.27101239
23.519451,120.13009,"gbif",29775,13372820.4477501,2694959.49896243
23.889727,120.29563,"gbif",37144,13391248.276256,2739976.60989072
23.575005,120.19764,"gbif",30596,13380340.0793532,2701705.47219088
23.066864,120.10857,"gbif",20776,13370424.8523083,2640106.71257626
31.585062,117.53742,"gbif",195304,13084205.7435551,3708965.96335474
22.134344,113.03696,"gbif",2056,12583216.8280196,2527662.49561446
23.142622,120.138145,"gbif",22004,13373717.1262485,2649275.49223512
29.400074,113.02539,"gbif",148886,12581928.8615112,3426665.70573612
31.63504,117.37196,"gbif",196524,13065786.8206085,3715498.72188259
29.844116,116.52945,"gbif",158449,12971999.0364202,3483528.10494881
22.932343,120.208916,"gbif",17917,13381595.3179314,2623838.71588276
30.719957,121.36042,"gbif",177069,13509780.1568578,3596433.38470237
23.182957,120.31209,"gbif",22830,13393080.5950745,2654159.23793208
22.416876,113.644394,"gbif",7400,12650836.0715902,2561650.32900222
30.23798,119.761581,"gbif",166773,13331798.2135174,3534176.77875038
29.12272,115.96015,"gbif",143291,12908624.8503116,3391274.83257592
29.175446,115.978165,"gbif",144519,12910630.2709383,3397995.38714576
29.082317,115.89626,"gbif",142470,12901512.6480448,3386127.32220229
33.671814,120.429085,"gbif",240832,13406104.4188999,3984819.33409221
22.469213,114.00747,"gbif",8643,12691253.5070294,2567953.89260685
31.966215,114.35186,"gbif",203342,12729590.8264637,3758876.63746262
33.71164,120.46753,"gbif",241652,13410384.0967234,3990147.73292422
28.748085,116.317215,"gbif",135536,12948373.1442917,3343621.80524829
30.811575,114.51013,"gbif",178809,12747209.3622716,3608302.67160236
24.299904,120.54652,"gbif",45335,13419177.2233012,2789995.53390575
24.793566,120.9175,"gbif",55168,13460474.5279957,2850410.08014887
29.899393,115.99878,"gbif",159653,12912925.122241,3490624.2958213
30.762741,114.153275,"gbif",177975,12707484.4453845,3601974.72752406
23.599852,120.17781,"gbif",31413,13378132.6138508,2704723.58966437
33.469715,120.62235,"gbif",236341,13427618.580288,3957818.03175407
22.920053,120.17549,"gbif",17916,13377874.3526321,2622353.25923319
25.233181,121.632744,"gbif",64197,13540095.1258686,2904412.94688843
31.59602,121.83876,"gbif",195905,13563028.7220839,3710398.01284312
33.60822,120.4719,"gbif",239198,13410870.5628982,3976316.08035287
28.983852,116.04746,"gbif",140432,12918344.1550528,3373590.9168516
22.490513,113.562325,"gbif",9032,12641700.1923002,2570519.98494263
24.350105,120.56993,"gbif",46154,13421783.2125806,2796128.33161418
29.766483,115.71374,"gbif",156777,12881194.6145853,3473568.58773602
32.883118,120.894325,"gbif",223675,13457894.6987965,3879800.08935459
24.824947,120.9196,"gbif",55577,13460708.2989263,2854258.57598082
29.125313,116.277707,"gbif",143305,12943975.1338495,3391605.26059488
28.41278,116.14847,"gps",128575,12929588.5368178,3301116.28852027
28.41966,116.11389,"gps",128983,12925739.1088262,3301987.08556434
28.42069,116.1073,"gps",128982,12925005.5133819,3302117.45685163
28.69588,116.36831,"gps",134720,12954061.0136738,3336995.02402955
28.71271,116.34614,"gps",134719,12951593.0605629,3339131.02372529
28.70065,116.3062,"gps",134717,12947146.9601006,3337600.37943158
28.71474,116.31595,"gps",135127,12948232.3251359,3339388.6868408
28.71139,116.31621,"gps",134718,12948261.2682035,3338963.4819194
30.66984,113.69534,"gps",175910,12656507.3543681,3589945.40473069
30.67758,113.67706,"gps",175909,12654472.4340764,3590947.17945657
30.39081,114.72467,"gps",169821,12771091.8458263,3553884.39119353
30.39135,114.71492,"gps",169820,12770006.4807911,3553954.07940578
30.3948,114.72083,"gps",170230,12770664.3789817,3554399.31874336
30.70763,114.73592,"gps",176774,12772344.1900978,3594837.25984357
30.68841,114.72934,"gps",176365,12771611.7078484,3592349.02226848
30.36362,113.92654,"gps",169376,12682244.4206395,3550375.95842709
30.39747,113.92114,"gps",170194,12681643.2953892,3554743.90606885
30.35774,113.94666,"gps",169377,12684484.1687943,3549617.36717696
30.37934,113.87429,"gps",169783,12676427.9772456,3552404.25291329
30.31479,114.22385,"gps",168163,12715340.8184473,3544077.6787881
30.29414,114.22077,"gps",167753,12714997.9544156,3541415.10750623
30.31951,114.22406,"gps",168572,12715364.1955403,3544686.34527831
30.30154,114.22072,"gps",168162,12714992.3884411,3542369.18479567
29.24325,112.8427,"gps",145606,12561591.9037381,3406642.88968092
29.36141,112.95715,"gps",148065,12574332.4194594,3421726.34169394
30.55137,116.97147,"gps",173602,13021204.4777407,3574622.03531003
30.51107,116.84798,"gps",172778,13007457.6338226,3569413.74283411
30.5133,116.89471,"gps",172780,13012659.5936274,3569701.88718095
29.69773,116.12984,"gps",155568,12927514.6547043,3464754.72611533
29.30722,116.1353,"gps",147389,12928122.4591241,3414806.67031779
29.33291,116.12038,"gps",147797,12926461.5723214,3418086.63918106
29.3557,116.14162,"gps",148207,12928825.9983059,3420997.04254861
29.30128,116.13761,"gps",146980,12928379.6071478,3414048.3987856
30.79161,113.92387,"gps",178374,12681947.1975991,3605715.20449672
30.76186,113.94876,"gps",177966,12684717.9397249,3601860.59642134
30.8191,113.97092,"gps",178785,12687184.7796409,3609278.05228825
29.72053,113.57918,"gps",155864,12643576.4823176,3467676.92628572
29.65566,113.56635,"gps",154636,12642148.2532507,3459364.49426005
30.29705,113.84492,"gps",167737,12673158.523801,3541790.28336428
30.13638,113.77876,"gps",164462,12665793.6262901,3521092.29412722
30.33276,113.83316,"gps",168554,12671849.4065892,3546395.15263701
23.86548,117.59964,"gps",36615,13091132.0422723,2737024.8081026
23.86217,117.59821,"gps",36206,13090972.8554005,2736621.89540782
23.89673,117.56993,"gps",37023,13087824.7402008,2740829.24998035
23.89904,117.60171,"gps",37024,13091362.4736182,2741110.51080086
23.8806,117.58597,"gps",36614,13089610.3048331,2738865.43454482
23.89094,117.56822,"gps",37022,13087634.3838716,2740124.29363762
29.05755,113.02861,"gps",141933,12582287.3102715,3382972.90148108
29.01503,112.9832,"gps",141113,12577232.2921946,3377559.15625346
29.28464,112.88505,"gps",146835,12566306.2841732,3411924.45210509
29.27936,112.87711,"gps",146426,12565422.4074163,3411250.57979304
29.05734,113.04978,"gps",141934,12584643.9438916,3382946.1583106
29.08045,113.05642,"gps",142344,12585383.1053105,3385889.50745447
29.21611,112.81487,"gps",145196,12558493.8823094,3403180.85517794
28.96367,113.00571,"gps",139887,12579738.0939323,3371022.85208878
28.95814,112.97816,"gps",139886,12576671.241961,3370319.27294869
29.25178,112.84716,"gps",146015,12562088.3886671,3407731.18371063
22.48,113.99295,"gps",8642,12689637.1480231,2569253.39435222
22.48061,113.9923,"gps",9051,12689564.7903541,2569326.88361559
23.39683,116.55581,"gps",27161,12974933.4181975,2680079.57989923
23.42948,116.53557,"gps",27570,12972680.3117039,2684040.27112246
23.41712,116.53221,"gps",27569,12972306.2782148,2682540.79494679
29.20054,116.52905,"gps",144952,12971954.5086239,3401195.1278115
28.27892,121.12576,"gps",125934,13483657.9251483,3284184.94946326
28.29178,121.13459,"gps",126343,13484640.876252,3285810.62629975
28.28111,121.15479,"gps",126344,13486889.529966,3284461.78102602
28.27509,121.15134,"gps",125935,13486505.4777228,3283700.82392839
29.02008,116.19946,"gps",141257,12935264.7176534,3378202.01730782
29.04754,116.18015,"gps",141665,12933115.1382861,3381698.20425106
29.0541,116.17862,"gps",142074,12932944.8194652,3382533.55629636
29.05088,116.16983,"gps",142073,12931966.3211412,3382123.51405017
29.05095,116.10249,"gps",142070,12924470.0666311,3382132.42787593
28.85926,116.28519,"gps",137988,12944808.1375991,3357745.15261908
28.89107,116.2757,"gps",138397,12943751.7156314,3361788.97872297
28.58841,116.43564,"gps",132269,12961556.1549889,3323363.42537397
29.03866,116.12372,"gps",141662,12926833.3794207,3380567.50743819
29.01339,116.187,"gps",141256,12933877.6767981,3377350.39229531
29.04002,116.17333,"gps",141664,12932355.9393589,3380740.67091023
29.11413,115.9459,"gps",143290,12907038.5475678,3390180.26166124
29.14841,115.96366,"gps",144109,12909015.5817243,3394548.89715645
29.14568,116.13445,"gps",143708,12928027.8375569,3394200.93317321
29.23521,116.32639,"gps",145761,12949394.5006198,3405617.19499733
29.16702,116.16843,"gps",144527,12931810.473854,3396921.16179583
29.1623,116.16402,"gps",144118,12931319.5548996,3396319.45054515
29.1509,116.13168,"gps",144117,12927719.4825674,3394866.27896234
29.12885,115.93942,"gps",143699,12906317.1972675,3392055.99670691
29.10169,115.95049,"gps",142881,12907549.5040306,3388595.27089947
29.07813,116.06857,"gps",142478,12920694.1095034,3385593.99647236
29.15471,115.94414,"gps",144108,12906842.625264,3395351.92625622
29.20107,116.37022,"gps",144945,12954273.6339012,3401262.7166547
29.1005,116.12444,"gps",142889,12926913.529454,3388443.66204797
29.08695,116.08886,"gps",142479,12922952.7819716,3386717.48314977
29.05215,116.12936,"gps",142071,12927461.2213488,3382285.23725824
29.02151,116.25697,"gps",141259,12941666.7015689,3378384.0609011
28.91909,116.27807,"gps",139215,12944015.5428246,3365352.02984814
33.33569,120.68987,"gps",233481,13435134.8723064,3939946.43404227
33.3381,120.69533,"gps",233482,13435742.6767261,3940267.55296083
33.29662,120.69881,"gps",232664,13436130.0685541,3934741.81546832
33.31798,120.69746,"gps",233073,13435979.7872415,3937586.94880481
33.35187,120.72301,"gps",233892,13438824.0002313,3942102.49831557
33.34552,120.66132,"gps",233480,13431956.7008442,3941256.28194254
30.50703,117.29763,"gps",172389,13057512.4428578,3568891.74031085
30.43391,117.20454,"gps",171158,13047149.7114599,3559447.75539351
30.41229,117.22663,"gps",170341,13049608.7590115,3556656.73060582
30.41628,117.14877,"gps",170747,13040941.4234583,3557171.77144279
29.56062,116.19217,"gps",152708,12934453.1985655,3447195.75114135
29.61225,116.18925,"gps",153526,12934128.1456524,3453804.93619786
29.30773,116.45928,"gps",147403,12964187.7477513,3414871.77649614
29.31953,116.4685,"gps",147404,12965214.1134564,3416378.24559735
29.3021,116.46174,"gps",146994,12964461.5936986,3414153.07337549
29.2816,116.44991,"gps",146585,12963144.6841225,3411536.46076341
28.74342,116.82578,"gps",135558,13004986.341127,3343029.50633283
28.87933,116.83432,"gps",138422,13005937.0095784,3360296.3944999
28.84251,116.90456,"gps",137607,13013756.0906117,3355616.31680933
28.93671,116.66565,"gps",139641,12987160.7510663,3367593.09959982
28.92642,116.67026,"gps",139233,12987673.9339188,3366284.27877338
29.20743,116.55378,"gps",145362,12974707.4396312,3402073.81003181
29.1335,116.52913,"gps",143725,12971963.4141832,3392648.59110012
29.1711,116.62538,"gps",144548,12982677.915172,3397441.30737359
28.89724,116.70225,"gps",138825,12991235.0444293,3362573.47948093
28.85579,116.8022,"gps",138011,13002361.4275341,3357304.1059369
28.88744,116.86408,"gps",138423,13009249.8776244,3361327.4546781
28.8584,116.77835,"gps",138010,12999706.4576787,3357635.84284748
28.90994,116.73017,"gps",138826,12994343.0846123,3364188.40092963
28.90125,116.58241,"gps",138820,12977894.5166526,3363083.36640081
28.80859,116.56331,"gps",136774,12975768.3143785,3351306.31485223
29.80953,116.49604,"gps",157630,12968279.8522328,3479090.12122203
29.80943,116.48983,"gps",157629,12967588.558195,3479077.29171363
29.8196,116.47702,"gps",158038,12966162.5555179,3480382.11842034
29.81754,116.49433,"gps",158039,12968089.4959036,3480117.80651932
29.83343,116.47525,"gps",158447,12965965.5200192,3482156.74180788
29.85055,116.50616,"gps",158857,12969406.4054797,3484353.86825873
29.23601,116.48886,"gps",145768,12967480.5782889,3405719.25056046
29.22755,116.52843,"gps",145770,12971885.4905396,3404640.05335305
29.16998,116.51927,"gps",144543,12970865.804004,3397298.52025431
29.01694,116.44482,"gps",141267,12962578.0679144,3377802.29406544
29.64432,116.19586,"gps",154344,12934863.9674865,3457911.93892116
29.63511,116.19648,"gps",153935,12934932.9855708,3456732.33844895
29.66541,116.18479,"gps",154753,12933631.6607234,3460613.51530583
29.67977,116.20668,"gps",155163,12936068.4443769,3462453.31960918
29.67058,116.2124,"gps",154754,12936705.1918642,3461275.86583778
29.67885,116.18887,"gps",155162,12934085.8442459,3462335.44126103
30.52694,113.31446,"gps",172621,12614107.9867148,3571464.49245039
30.52205,113.32584,"gps",172622,12615374.80252,3570832.56226223
30.53024,113.30169,"gps",173030,12612686.4368173,3571890.96637858
30.52836,113.30086,"gps",172620,12612594.04164,3571648.00369856
30.59734,113.39728,"gps",174261,12623327.4669423,3580565.74823593
28.65301,116.39706,"gps",133494,12957261.4490341,3331555.67723269
28.79953,116.3097,"gps",136762,12947536.5783184,3350155.35491506
28.66707,116.37078,"gps",133902,12954335.9728161,3333339.3651655
28.66965,116.39605,"gps",133903,12957149.0163484,3333666.69661481
28.62117,116.37969,"gps",133085,12955327.829479,3327517.25630875
28.68192,116.34467,"gps",134310,12951429.4209115,3335223.53441752
28.62411,116.40089,"gps",133086,12957687.8026838,3327890.09936099
28.88677,116.3344,"gps",138400,12950286.169741,3361242.27156302
28.88056,116.32683,"gps",138399,12949443.4811957,3360452.76466233
28.90507,116.31853,"gps",138808,12948519.5294221,3363569.11241296
28.83236,116.33327,"gps",137581,12950160.3787164,3354326.47263389
28.82608,116.32823,"gps",137172,12949599.3284828,3353528.48425246
28.83344,116.3333,"gps",137582,12950163.7183011,3354463.71115646
28.7184,116.39584,"gps",135130,12957125.6392553,3339853.25465176
29.14351,116.15897,"gps",143709,12930757.3914711,3393924.35301246
29.70208,116.17995,"gps",155571,12933092.874388,3465312.19993378
27.62151,120.66905,"gps",112417,13432817.2005081,3201338.12313557
27.52036,120.64893,"gps",110371,13430577.4523533,3188635.64131502
29.97718,114.25214,"gps",161211,12718490.0468418,3500616.88240511
29.96821,114.16988,"gps",161207,12709332.9055291,3499464.18956466
29.87272,114.02241,"gps",159156,12692916.6202219,3487199.65561568
29.96615,114.17001,"gps",160798,12709347.377063,3499199.48327137
29.86577,115.27764,"gps",158802,12832648.1846503,3486307.47111183
29.84488,115.29903,"gps",158394,12835029.3085584,3483626.15674514
29.86316,115.27849,"gps",158803,12832742.8062175,3485972.43657998
29.8705,115.27754,"gps",159211,12832637.0527012,3486914.66330596
30.39151,117.03374,"gps",169924,13028136.3424324,3553974.72783894
30.36745,117.01963,"gps",169514,13026565.6244173,3550870.09936537
30.37394,117.02991,"gps",169515,13027709.9887826,3551707.47375901
30.38177,117.06517,"gps",169925,13031635.114028,3552717.81609191
30.37375,117.08022,"gps",169517,13033310.4723644,3551682.95815641
30.41152,117.20847,"gps",170340,13047587.1970587,3556557.33918366
29.2535,116.73708,"gps",146188,12995112.3022936,3407950.63968942
29.27818,116.73543,"gps",146597,12994928.6251338,3411099.98430201
29.25252,116.71228,"gps",146187,12992351.578922,3407825.60036553
30.40575,117.10641,"gps",170336,13036225.9298283,3555812.57386423
30.4073,117.13314,"gps",170337,13039201.4998172,3556012.63648042
30.38343,117.0765,"gps",169926,13032896.3638587,3552932.02422703
30.41507,117.20604,"gps",170749,13047316.6906961,3557015.57888938
30.42918,117.20947,"gps",170750,13047698.5165495,3558837.08517979
29.61031,116.12239,"gps",153523,12926685.3244979,3453556.53455163
29.65512,116.15881,"gps",154343,12930739.5803526,3459295.32124701
29.65551,116.15907,"gps",154752,12930768.5234202,3459345.27949697
29.62985,116.20046,"gps",153936,12935376.0371442,3456058.69537058
29.94725,116.67527,"gps",160501,12988231.6445677,3496771.12332485
30.41871,117.06693,"gps",170743,13031831.0363318,3557485.45324691
30.40616,117.06566,"gps",170334,13031689.6605785,3555865.49334407
29.01632,116.55032,"gps",141272,12974322.2741931,3377723.36925669
29.02695,116.53316,"gps",141271,12972412.0317311,3379076.61341107
29.03094,116.53685,"gps",141681,12972822.8006521,3379584.59331972
29.0151,116.50201,"gps",141270,12968944.4295929,3377568.06698396
29.03136,116.5319,"gps",141680,12972271.7691727,3379638.06603113
28.14472,121.06874,"gps",123477,13477310.4877832,3267231.95329425
28.14915,121.08247,"gps",123478,13478838.9043918,3267791.23940522
28.16161,121.06118,"gps",123886,13476468.9124328,3269364.43457527
25.56325,119.30319,"gps",70638,13280770.3608132,2945087.37159631
25.55262,119.29648,"gps",70228,13280023.4070299,2943775.69744705
25.55898,119.2915,"gps",70637,13279469.0359658,2944560.46686663
25.44825,119.16572,"gps",68178,13265467.2704138,2930903.2743454
25.44722,119.16132,"gps",68177,13264977.4646543,2930776.29547787
25.41438,119.11566,"gps",67357,13259894.6167047,2926728.33445807
25.40073,119.12598,"gps",67358,13261043.4338497,2925046.11720755
25.41535,119.11665,"gps",67766,13260004.8230006,2926847.88388178
25.39299,119.13609,"gps",66949,13262168.8739016,2924092.32912131
25.53365,119.34727,"gps",69822,13285677.3239673,2941435.20955793
25.49577,119.40539,"gps",69006,13292147.2127722,2936762.74361378
25.55371,119.30238,"gps",70229,13280680.1920256,2943910.19113528
25.52287,119.27593,"gps",69819,13277735.7914941,2940105.35556776
25.51504,119.42493,"gps",69416,13294322.3956223,2939139.49756097
25.50375,119.4354,"gps",69417,13295487.9106909,2937746.94729863
25.52515,119.27283,"gps",69818,13277390.7010727,2940386.61342413
30.27807,113.53306,"gps",167723,12638442.4274022,3539343.46050459
30.31294,113.53848,"gps",168132,12639045.7790423,3543839.12047077
30.29387,113.55609,"gps",167724,12641006.1152751,3541380.29793944
30.29787,113.55686,"gps",168133,12641091.8312831,3541896.00503248
30.28349,113.60701,"gps",167726,12646674.5037463,3540042.13613094
30.26314,113.59527,"gps",167317,12645367.6129244,3537419.07936652
30.25432,113.54869,"gps",166906,12640182.3510433,3536282.37548277
30.26788,113.59236,"gps",167316,12645043.6732062,3538030.00322368
30.28861,113.59301,"gps",167725,12645116.0308752,3540702.17512592
30.35167,113.66383,"gps",168956,12652999.6772132,3548834.31145442
30.26128,113.65608,"gps",167319,12652136.9511596,3537179.35780838
30.24804,113.6432,"gps",166910,12650703.1561181,3535473.08390441
29.24969,121.57658,"gps",146404,13533842.9779877,3407464.52414386
29.22701,121.59736,"gps",145996,13536156.1970064,3404571.17145228
29.24434,121.56428,"gps",145994,13532473.7482509,3406781.95150588
29.24811,121.60223,"gps",146405,13536698.3229265,3407262.93823055
29.24505,121.55421,"gps",146403,13531352.7609786,3406872.53385823
29.23907,121.57243,"gps",145995,13533381.0021009,3406109.62044946
29.27035,121.54866,"gps",146812,13530734.9378047,3410100.73793034
29.13152,121.5076,"gps",143947,13526164.1595128,3392396.25730769
29.10885,121.45222,"gps",143535,13519999.2861126,3389507.50905953
29.15899,121.50111,"gps",144356,13525441.6960175,3395897.50428255
29.17689,121.5359,"gps",144766,13529314.5011022,3398179.49063431
29.19651,121.48198,"gps",145173,13523312.1541586,3400681.20898022
22.02323,113.13736,"gps",NA,12594393.3048953,2514314.50220911
22.05353,113.15989,"gps",425,12596901.3330228,2517953.36463548
23.20904,116.60924,"gps",23483,12980881.2185906,2657318.14096403
23.36697,116.55133,"gps",26343,12974434.7068788,2676458.19159219
23.64659,116.92904,"gps",32086,13016481.1917463,2710402.31515052
24.05404,117.77499,"gps",40304,13110651.9149829,2759994.50259009
23.99565,117.75858,"gps",39076,13108825.162139,2752878.05188697
24.06127,117.76951,"gps",40303,13110041.8841733,2760875.90489613
23.98652,117.76937,"gps",38667,13110026.2994446,2751765.59869395
24.0365,117.76814,"gps",39894,13109889.376471,2757856.42442439
24.01865,117.75442,"gps",39485,13108362.0730573,2755680.85778244
24.0386,117.72771,"gps",39893,13105388.7294582,2758112.39331011
24.019,117.78461,"gps",39486,13111722.8084843,2755723.5130481
28.42123,116.14408,"gps",128984,12929099.8442532,3302185.80735368
29.93521,114.01314,"gps",160382,12691884.6885422,3495224.4087407
29.92564,114.07542,"gps",159976,12698817.6664288,3493995.13538663
29.98767,114.01594,"gps",161609,12692196.3831164,3501965.03540807
29.98564,114.01711,"gps",161200,12692326.6269207,3501704.13291315
29.98798,114.02275,"gps",161610,12692954.4688487,3502004.87813048
29.98566,114.02243,"gps",161201,12692918.8466117,3501706.70335506
29.99034,114.06025,"gps",161611,12697128.9497535,3502308.20099892
29.94455,114.0349,"gps",160383,12694307.0006619,3496424.25244086
29.01451,116.65078,"gps",141277,12985505.4302382,3377492.96244449
28.95394,116.67787,"gps",140051,12988521.0752438,3369784.93415207
29.00702,116.64938,"gps",140868,12985349.5829511,3376539.55396389
29.00554,116.60526,"gps",140866,12980438.1670173,3376351.17168031
29.04232,116.7422,"gps",141690,12995682.2580865,3381033.52609311
29.00344,116.58397,"gps",140865,12978068.1750583,3376083.87712404
29.08094,116.48688,"gps",142496,12967260.1656972,3385951.92226306
29.09612,116.48981,"gps",142905,12967586.3318052,3387885.654649
29.10254,116.74097,"gps",142917,12995545.3351128,3388703.56400936
29.10661,116.73689,"gps",142916,12995091.1515904,3389222.10929383
29.18707,116.69003,"gps",144959,12989874.7202518,3399477.46825206
30.1729,116.3229,"gps",165393,12949005.9955969,3525793.94323079
24.0183,117.73427,"gps",39484,13106118.9853178,2755638.20263289
28.81072,112.89709,"gps",136610,12567646.5708424,3351576.91930172
28.81067,112.89727,"gps",136611,12567666.6083507,3351570.56702118
28.81549,112.89194,"gps",137019,12567073.2754648,3352182.94088572
28.80055,112.80774,"gps",136607,12557700.17434,3350284.9281875
29.04639,113.01852,"gps",141524,12581164.0966094,3381551.76843521
29.09365,113.02482,"gps",142751,12581865.4094014,3387570.98971188
22.50142,114.00958,"gps",9461,12691488.391155,2571834.14576687
29.73663,113.58834,"gps",156273,12644596.1688532,3469740.80962121
29.75121,113.55999,"gps",156272,12641440.2612892,3471610.12772355
29.88849,113.55685,"gps",159135,12641090.7180881,3489224.31061482
29.7538,113.56843,"gps",156681,12642379.7977915,3471942.22295497
29.88853,113.53996,"gps",159134,12639210.5318886,3489229.44648171
29.74086,113.60855,"gps",156274,12646845.9357622,3470283.1146626
30.42148,114.5778,"gps",170632,12754742.3522135,3557843.03421326
30.44244,114.57299,"gps",171041,12754206.9054628,3560549.10234337
30.54426,114.55584,"gps",173085,12752297.7761957,3573702.99594054
30.53615,114.56244,"gps",173086,12753032.484835,3572654.77861887
28.64806,116.36031,"gps",133493,12953170.4577475,3330927.76437004
29.84963,115.07889,"gps",158385,12810523.4358551,3484235.78880243
29.86017,115.07767,"gps",158794,12810387.6260764,3485588.63384345
29.84495,115.07375,"gps",158384,12809951.2536725,3483635.14058598
29.2125,116.45745,"gps",145358,12963984.0330831,3402720.42524165
28.76967,116.38303,"gps",135948,12955699.6365783,3346362.7225433
28.77331,116.37907,"gps",136357,12955258.8113947,3346824.99470359
28.74563,116.39237,"gps",135539,12956739.3606223,3343310.09909183
28.72136,116.33706,"gps",135128,12950582.2795865,3340228.98258801
28.77445,116.35815,"gps",136356,12952930.0076473,3346969.7755646
28.71421,116.40291,"gps",135131,12957912.6680553,3339321.41470757
27.70667,120.70616,"gps",114463,13436948.2668114,3212041.67059335
27.66217,120.68307,"gps",113235,13434377.899769,3206447.53656219
27.62565,120.66962,"gps",112826,13432880.6526178,3201858.27665215
29.91566,114.01523,"gps",159973,12692117.346278,3492713.32312393
29.87994,114.04389,"gps",159157,12695307.7628841,3488126.56635866
30.35524,113.91397,"gps",168967,12680845.1346402,3549294.8506986
34.87349,119.19199,"gps",266953,13268391.633437,4146702.20294202
34.83908,119.20798,"gps",266545,13270171.6320947,4142034.20510504
34.88216,119.19465,"gps",267362,13268687.7432825,4147878.66741931
34.95326,119.19148,"gps",268998,13268334.8604966,4157531.17745594
34.97445,119.19144,"gps",269407,13268330.407717,4160409.5429726
35.04823,119.2329,"gps",271045,13272945.7138053,4170437.34153993
35.04167,119.21767,"gps",271044,13271250.3179605,4169545.37348241
35.03705,119.22922,"gps",270635,13272536.0580792,4168917.23164196
35.03356,119.23561,"gps",270636,13273247.3896254,4168442.74977236
34.98804,119.19289,"gps",269816,13268491.8209787,4162255.94659398
34.94648,119.19364,"gps",268589,13268575.3105968,4156610.36630563
35.00943,119.20219,"gps",270225,13269527.092243,4165162.71725064
35.00605,119.20799,"gps",270226,13270172.7452896,4164703.34529543
34.91755,119.19551,"gps",268180,13268783.4780445,4152682.15572857
34.90807,119.19482,"gps",267771,13268706.6675959,4151395.23137478
34.93435,119.18235,"gps",268588,13267318.5135457,4154963.14633985
34.88718,119.18536,"gps",267361,13267653.585213,4148559.90658318
34.12556,120.32257,"gps",250643,13394247.223338,4045674.15271089
34.11456,120.30721,"gps",250233,13392537.3559594,4044195.02762876
34.13997,120.31319,"gps",251052,13393203.0465144,4047612.09778732
34.11488,120.30869,"gps",250234,13392702.1088058,4044238.05400504
34.08908,120.24738,"gps",249822,13385877.1108253,4040769.5747289
34.0985,120.27726,"gps",250232,13389203.3372102,4042035.85041297
34.09586,120.27013,"gps",249823,13388409.6292408,4041680.95639018
22.60587,113.67512,"gps",11491,12654256.4742643,2584424.35773136
22.65046,113.60871,"gps",12306,12646863.7468807,2589802.06333626
22.59019,113.69206,"gps",11083,12656142.2264383,2582533.71071499
22.62584,113.60352,"gps",11897,12646285.9987235,2586832.59194384
22.62405,113.6132,"gps",11488,12647363.5713944,2586616.71692197
22.72186,113.76521,"gps",13540,12664285.2471898,2598416.78572111
22.41989,113.60602,"gps",7807,12646564.2974505,2562013.27614144
22.44593,113.61222,"gps",8216,12647254.4782934,2565149.35198593
22.43028,113.57454,"gps",7806,12643059.9598803,2563264.50467258
22.48288,113.57961,"gps",9033,12643624.3496986,2569600.36289901
22.44191,113.63306,"gps",8217,12649574.3764815,2564665.17283053
22.44215,113.64217,"gps",8218,12650588.4970426,2564694.0786549
22.50647,113.54001,"gps",9440,12639216.0978632,2572442.64443323
22.5209,113.58965,"gps",9442,12644741.9973862,2574181.5066819
22.51906,113.55653,"gps",9441,12641055.0958511,2573959.77055875
22.63917,113.46519,"gps",11891,12630887.173562,2588440.28598207
22.61668,113.50526,"gps",11484,12635347.7455581,2585727.92032128
29.96655,115.85316,"gps",160873,12896714.7779916,3499250.88212231
29.9702,115.83844,"gps",161281,12895076.1550872,3499719.90619512
29.96906,115.84097,"gps",161282,12895357.7933989,3499573.41463451
29.93904,116.02223,"gps",160472,12915535.5643001,3495716.40810992
29.95559,115.99645,"gps",160880,12912665.7478274,3497842.62842129
29.9553,115.99638,"gps",160879,12912657.9554631,3497805.3683425
29.94726,116.01538,"gps",160471,12914773.0257881,3496772.40804933
22.90424,116.13414,"gps",17327,12927993.3285147,2620442.18596351
22.93249,116.12894,"gps",17735,12927414.4671626,2623856.48416206
24.44363,117.88507,"gps",48080,13122905.9645294,2807560.29122403
24.44056,117.87936,"gps",48079,13122270.330237,2807184.89757407
24.47829,117.85049,"gps",48487,13119056.5365378,2811799.08350051
24.42373,117.89428,"gps",47671,13123931.2170396,2805127.12017125
24.47645,117.82558,"gps",48486,13116283.5680221,2811574.02884843
24.48868,117.7706,"gps",48892,13110163.2224183,2813069.97016949
24.48325,117.83775,"gps",48895,13117638.3262251,2812405.76895355
24.48761,117.77156,"gps",48893,13110270.0891295,2812939.08478891
24.48528,117.79578,"gps",48894,13112966.2471965,2812654.07655001
24.4522,117.8593,"gps",48078,13120037.2612517,2808608.26260359
33.8065,120.4726,"gps",243697,13410948.4865417,4002849.20297107
33.66911,120.46013,"gps",240833,13409560.3324915,3984457.65010224
33.82501,120.49136,"gps",244107,13413036.840189,4005329.27729065
33.76919,120.44804,"gps",242878,13408214.4798478,3997851.82838538
33.66529,120.46114,"gps",240424,13409672.7651772,3983946.71058854
33.72832,120.46017,"gps",242060,13409564.7852712,3992380.11703288
33.67459,120.46869,"gps",240834,13410513.2273327,3985190.66055101
33.63585,120.57178,"gps",240020,13421989.1536386,3980009.75962498
33.62995,120.56127,"gps",239611,13420819.1857904,3979220.92661679
33.66742,120.43985,"gps",240423,13407302.7732182,3984231.60338257
33.72045,120.43832,"gps",241650,13407132.4543973,3991326.77384077
33.7234,120.44653,"gps",241651,13408046.3874168,3991721.59891821
28.24063,112.80959,"gps",125155,12557906.115398,3279345.74060746
27.93232,120.97473,"gps",118974,13466845.3424538,3240443.56662903
27.93217,120.98259,"gps",118975,13467720.3136514,3240424.66693121
29.20008,116.54077,"gps",144953,12973259.173056,3401136.4660799
29.13246,116.56773,"gps",143727,12976260.3465278,3392516.05153249
29.22224,116.53101,"gps",145361,12972172.6948259,3403962.73043603
29.13393,116.58374,"gps",143728,12978042.5715754,3392703.39150547
29.17075,116.54851,"gps",144544,12974120.7859148,3397396.68623145
29.20886,116.5127,"gps",145360,12970134.4349494,3402256.18544174
29.1588,116.55426,"gps",144135,12974760.8729868,3395873.28421499
29.17649,116.42729,"gps",144539,12960626.6372408,3398128.49217862
29.17279,116.6162,"gps",144547,12981656.0022465,3397656.76588683
29.15791,116.59423,"gps",144137,12979210.3130338,3395759.83291613
29.12704,116.55377,"gps",143726,12974706.3264363,3391825.33817881
29.12671,116.55412,"gps",143317,12974745.2882581,3391783.28485164
29.26237,116.57866,"gps",146181,12977477.0685622,3409082.42765702
29.26678,116.57531,"gps",146590,12977104.148268,3409645.16824619
22.63192,113.51968,"gps",11893,12636952.9726154,2587565.86440557
